0,1,2,3,4,5,6,7,8,9,10,11,12,13,14,15,16,17,18,19,20,21,22,23,24,25,26,27,28,29,30,31,32,33,34,35,36,37
170,0,17,2,13,1,0,1,14,0,13,3,94,2,0,0,5,0,4,2,1,12,56,286,0,0,17,4,4,75,46,30,-1332,1602,-16040,-148,-121,69
170,0,15,4,12,0,1,0,16,0,12,6,92,0,0,0,10,1,8,4,0,1,70,306,0,0,28,16,3,0,63,25,-1334,1653,-16050,-176,-59,98
171,0,15,4,12,0,0,0,15,1,12,6,94,0,0,0,10,0,8,12,0,0,70,312,0,0,27,12,2,0,64,28,-1330,1604,-15928,-158,-48,108
165,1,16,4,16,0,0,0,16,0,13,11,88,0,1,0,11,0,9,3,0,0,70,319,0,0,25,8,2,0,58,29,-1339,1680,-16031,-179,-45,96
160,0,14,4,12,0,0,0,16,2,14,4,87,0,0,0,11,0,8,3,0,0,67,323,1,0,24,10,2,0,58,31,-1339,1600,-16046,-178,-11,111
149,0,13,3,12,0,0,0,16,0,25,3,92,0,0,0,12,0,8,1,0,1,74,318,0,0,24,6,2,8,58,26,-1366,1633,-15998,-178,-56,100
166,0,14,6,13,0,0,0,17,0,16,4,92,0,0,0,11,0,15,1,1,7,72,316,0,0,22,11,2,39,59,26,-1378,1627,-16014,-174,-14,129
168,1,15,2,25,0,0,0,16,0,13,2,94,1,0,0,11,1,6,0,0,9,72,336,0,0,39,2,2,41,54,26,-1364,1650,-16037,-161,-39,113
174,0,14,3,12,5,0,0,16,1,12,9,95,0,0,0,11,0,6,4,0,8,77,359,0,0,18,9,2,36,53,27,-1380,1598,-15995,-134,-52,96
172,0,14,3,18,1,0,0,26,0,12,4,105,0,0,0,12,0,6,2,1,10,71,331,0,0,18,6,1,42,52,25,-1361,1622,-16042,-148,-63,92
167,0,18,3,12,0,0,0,19,0,12,4,94,1,0,0,11,0,6,2,0,10,71,353,0,0,18,6,5,43,55,24,-1394,1623,-16041,-141,-78,79
173,0,13,2,12,1,0,0,16,0,12,4,94,1,0,0,11,0,8,1,2,10,70,324,0,0,18,6,3,47,53,25,-1347,1643,-15985,-129,-98,87
166,0,12,2,25,1,0,0,17,0,12,9,94,1,0,0,12,0,5,1,0,13,67,305,0,0,19,11,2,59,57,28,-1322,1674,-16020,-144,-83,96
167,0,12,3,16,1,0,0,18,0,11,4,104,1,1,0,19,0,4,1,0,10,64,313,0,0,18,6,1,56,53,34,-1400,1634,-16015,-141,-77,76
155,0,12,2,11,3,0,1,23,0,16,4,93,1,0,0,16,0,5,1,0,14,63,292,0,0,26,5,2,62,51,28,-1313,1615,-15993,-147,-91,79
173,0,13,2,12,1,0,0,19,0,11,4,92,2,0,0,17,0,5,1,0,12,65,297,0,0,16,9,1,62,50,26,-1342,1625,-16058,-146,-76,92
159,0,11,3,17,1,0,0,17,0,15,4,92,4,0,0,12,0,7,1,0,16,69,325,0,0,16,5,1,66,52,26,-1395,1612,-16015,-144,-61,91
158,0,15,5,11,2,0,0,18,0,11,6,93,2,0,0,12,0,4,3,0,21,67,321,0,0,17,13,2,73,52,27,-1396,1650,-16031,-133,-78,81
163,0,11,5,11,1,0,0,15,0,11,5,93,2,0,0,12,0,4,4,0,14,68,324,0,0,15,5,4,77,53,27,-1336,1645,-15987,-148,-85,93
149,0,12,8,12,4,0,0,13,1,11,6,92,5,0,0,11,0,4,2,0,14,66,339,0,0,27,5,8,90,51,28,-1362,1640,-15980,-153,-100,93
151,0,12,3,11,3,0,0,19,0,11,5,93,3,0,0,12,0,6,2,0,14,63,339,0,0,14,10,1,78,56,28,-1341,1621,-16005,-133,-78,100
162,0,12,9,12,2,0,0,17,0,10,13,90,2,0,0,11,0,5,2,0,15,64,328,0,0,14,6,4,82,61,29,-1333,1683,-16006,-136,-84,79
149,0,13,5,12,4,0,0,17,0,10,6,89,2,0,0,11,0,3,2,1,15,64,323,0,0,16,6,3,82,51,28,-1383,1630,-16024,-134,-81,93
151,0,11,11,21,2,0,0,18,1,11,4,95,2,0,0,11,0,3,2,0,15,63,353,0,0,15,8,1,86,52,29,-1346,1581,-16028,-144,-62,107
159,0,19,4,12,2,0,0,19,0,10,13,92,2,0,0,21,0,3,1,2,15,64,347,0,0,14,7,1,85,51,35,-1355,1639,-16004,-148,-66,90
152,0,12,2,13,2,0,0,17,0,11,4,95,2,0,0,12,0,8,1,1,16,67,314,0,0,14,6,2,82,51,27,-1306,1635,-15982,-157,-92,89
144,0,10,2,11,2,0,0,8,0,10,11,95,10,1,0,12,0,3,1,0,15,65,316,0,0,23,6,10,99,52,30,-1389,1611,-16045,-151,-67,99
143,0,10,4,11,2,0,0,6,0,10,3,96,5,0,1,11,0,7,1,0,17,64,353,0,0,22,6,2,101,51,29,-1372,1631,-15969,-156,-67,104
156,0,11,3,12,2,0,1,18,0,10,4,97,2,0,0,11,1,7,1,0,17,65,335,0,0,27,6,5,105,52,30,-1379,1592,-15997,-153,-92,99
143,1,9,4,11,4,0,0,1,0,9,4,97,2,0,0,12,1,4,1,0,16,65,339,0,0,13,11,2,106,54,30,-1359,1600,-16047,-155,-69,101
146,0,13,4,12,5,0,1,2,0,3,4,93,3,0,0,14,0,0,0,0,19,65,334,0,0,0,12,3,102,64,30,-1427,1637,-15949,-150,-77,101
139,0,0,9,12,4,0,0,59,1,0,7,92,5,0,0,15,0,0,0,0,23,65,335,0,0,0,7,3,124,50,29,-1384,1619,-16019,-131,-98,90
139,0,0,9,13,3,0,0,50,0,0,8,88,11,0,0,14,0,1,1,0,15,61,326,0,0,0,14,3,161,56,45,-1326,1620,-16033,-130,-113,103
134,1,0,2,19,4,2,0,59,0,0,5,94,5,0,0,10,0,0,0,0,23,63,308,0,0,0,9,3,157,52,48,-1336,1638,-16012,-123,-137,87
140,0,0,5,12,4,0,0,0,0,0,5,95,13,0,0,12,0,0,2,0,18,66,304,0,0,0,8,4,194,48,57,-1314,1613,-16066,-121,-128,94
159,0,0,10,13,13,1,0,19,0,0,7,90,5,0,0,11,0,0,1,0,19,56,267,0,0,0,11,3,270,49,63,-1385,1617,-15995,-127,-151,82
141,0,0,2,11,5,0,0,1,0,0,4,94,7,0,0,10,0,0,0,0,21,56,239,0,0,0,1,5,358,30,69,-1360,1617,-16107,-134,-178,86
148,1,0,1,12,5,0,1,2,0,0,0,93,8,0,0,9,0,0,0,0,16,51,201,0,0,0,0,8,433,28,82,-1398,1585,-15990,-116,-179,82
145,0,1,0,11,5,0,0,0,0,0,0,88,11,0,1,10,0,0,0,0,16,46,221,0,0,0,2,13,478,30,85,-1413,1616,-16018,-98,-199,77
155,0,0,2,19,5,0,1,20,1,0,2,83,5,0,0,8,0,0,0,0,15,35,234,0,0,0,9,6,488,26,98,-1418,1616,-16041,-94,-178,78
154,0,0,0,11,5,0,0,14,1,0,0,84,6,0,0,9,0,0,0,0,15,50,230,0,0,0,1,11,510,35,97,-1380,1602,-15962,-90,-200,65
163,0,0,4,13,8,0,1,20,0,0,0,87,14,0,0,8,0,0,0,0,22,51,251,0,0,0,1,6,472,30,98,-1418,1593,-15965,-115,-182,80
154,1,0,4,20,5,0,0,20,0,0,9,80,5,0,0,17,0,0,0,0,20,49,242,0,0,0,16,6,509,36,100,-1425,1578,-15965,-126,-163,80
169,0,0,3,11,6,0,1,20,1,0,5,84,5,1,0,9,0,0,0,0,9,27,235,0,0,0,11,6,555,268,167,-1460,1571,-16000,-126,-163,80
169,0,0,0,11,5,0,1,22,1,0,0,79,6,0,1,10,0,0,0,0,8,29,232,2,0,0,1,7,562,345,175,-1413,1628,-16048,-132,-138,90
158,0,0,0,11,8,0,0,22,1,0,0,77,8,0,0,10,0,0,0,0,17,40,227,4,0,0,0,7,563,366,181,-1383,1618,-15978,-152,-105,90
173,0,0,0,11,5,0,0,21,0,0,0,89,6,0,0,11,0,0,0,1,8,34,229,0,0,0,0,7,582,385,180,-1429,1618,-16010,-169,-61,110
153,1,0,0,11,5,0,0,14,0,0,0,82,15,0,0,8,0,0,0,0,12,33,235,0,0,0,0,7,583,381,174,-1433,1568,-16040,-210,-21,114
131,0,0,0,14,6,0,0,57,0,0,0,75,8,0,0,7,0,0,0,0,10,34,255,0,0,0,0,10,578,341,178,-1428,1600,-16032,-236,19,141
85,0,0,0,11,14,0,0,54,0,0,0,76,20,0,0,10,0,0,0,1,23,38,267,0,0,0,0,7,555,248,155,-1421,1623,-16017,-247,-53,104
82,1,0,0,9,4,0,0,56,0,0,0,75,7,0,0,10,0,0,0,0,16,53,266,0,0,0,0,5,489,35,99,-1431,1624,-16027,-245,1,118
110,2,0,0,10,5,0,0,59,0,0,0,73,8,0,1,11,0,0,0,0,16,48,260,0,0,0,0,6,466,31,80,-1397,1602,-15991,-229,16,109
105,0,0,0,14,4,0,0,58,0,0,0,70,6,1,0,20,0,0,0,0,14,51,208,0,0,0,1,5,420,40,69,-1429,1628,-16045,-217,50,97
97,1,0,2,12,8,4,0,54,0,0,11,66,9,0,0,9,0,0,0,0,20,58,230,0,0,0,11,2,246,21,18,-1425,1601,-16078,-227,95,80
112,0,1,1,9,6,1,0,50,0,0,4,68,8,1,0,12,0,0,0,0,20,70,223,0,0,0,9,3,196,23,16,-1445,1623,-16049,-261,97,74
80,2,0,2,11,4,1,0,50,0,0,4,68,5,6,0,11,0,0,0,1,20,84,171,0,1,0,13,7,29,43,12,-1408,1619,-16068,-322,130,58
88,0,14,1,12,0,0,0,47,0,13,2,70,0,0,0,10,0,9,1,1,0,57,170,0,0,19,6,9,0,32,23,-1411,1615,-16052,-468,136,70
96,0,18,2,14,1,0,0,43,0,16,0,77,1,0,0,76,0,4,0,0,5,21,147,35,0,31,10,2,48,95,111,-1162,1228,-15881,-618,127,108
117,10,37,1,24,5,2,0,2,0,14,1,76,4,0,0,78,0,7,1,0,10,14,88,23,0,12,0,1,44,71,40,-1761,1429,-18030,-1117,45,168
132,0,23,1,18,3,0,1,0,0,0,0,2,0,0,0,74,0,10,0,2,5,34,85,24,0,18,14,3,35,92,26,-1569,1134,-17142,-2469,-92,270
175,1,42,12,25,5,5,2,4,0,0,0,1,0,0,0,77,1,8,8,1,8,53,175,0,0,5,6,0,9,47,12,-1670,1144,-20092,-5441,427,613
162,3,70,42,24,7,87,2,3,0,0,0,1,0,0,0,63,0,5,4,0,10,34,130,0,0,38,84,3,10,55,17,-1200,1020,-20767,-9575,179,1098
177,0,67,54,28,6,4,2,5,0,0,0,7,0,0,0,62,0,16,6,1,2,44,200,0,0,16,33,0,3,44,14,-1506,1830,-21397,-12879,847,1538
123,0,43,29,36,55,0,1,3,0,0,0,11,0,0,0,32,1,14,11,7,1,0,173,6,0,18,26,3,2,0,28,-1422,2900,-20720,-15082,739,1547
115,0,46,33,41,10,0,7,4,0,0,0,6,0,0,0,26,0,25,10,3,0,0,221,0,0,24,34,3,1,0,32,-3604,2098,-19279,-16259,582,1747
120,0,56,34,37,62,1,3,3,0,0,0,2,0,0,0,2,0,10,15,2,0,0,132,0,0,15,34,0,0,0,32,-2446,3911,-19695,-16008,-261,3270
108,0,31,23,17,1,0,1,22,0,10,11,77,0,0,0,4,0,11,10,0,14,0,219,0,0,9,8,0,7,0,19,-5048,-4400,-16673,-14737,-2089,4501
104,0,32,34,27,38,0,7,10,0,6,6,83,17,0,0,18,1,16,15,1,14,0,203,0,0,2,11,1,2,0,10,-3192,-9720,-22421,-9242,581,2922
112,0,31,23,17,1,0,0,1,0,18,25,71,0,0,0,21,0,13,12,1,12,0,209,0,0,8,13,0,6,0,18,-6643,-11784,-13018,-2517,1882,985
123,0,30,22,18,1,0,0,7,0,15,12,74,1,0,0,20,0,13,20,0,10,3,158,0,0,14,26,1,5,8,14,-5973,-11655,-12754,889,884,1318
124,1,26,19,16,2,0,0,16,0,8,12,76,0,0,0,19,0,9,13,0,9,30,167,2,0,35,64,3,12,17,18,-6531,-11850,-13603,4262,229,1516
115,0,27,21,16,3,1,0,7,0,9,16,66,1,0,0,10,0,9,9,0,8,33,157,0,0,16,51,2,10,16,12,-6358,-9972,-13570,7678,-883,966
120,0,29,23,17,1,0,0,16,0,8,12,64,1,0,0,23,0,11,10,2,10,0,169,1,0,18,103,5,11,0,14,-5731,-8047,-14780,10482,-1968,-43
126,0,28,30,19,1,0,0,16,0,8,13,70,0,0,0,45,0,17,12,0,7,0,166,5,0,14,30,1,13,0,27,-5031,-6116,-16152,12875,-3249,-1339
135,0,28,43,18,0,0,2,15,1,8,13,64,1,0,0,63,0,8,9,0,0,0,110,26,0,36,73,3,4,0,29,-4085,-3709,-17359,14733,-4088,-2949
133,0,25,19,14,2,0,0,17,0,9,11,66,0,0,0,70,0,7,6,0,7,0,103,29,0,27,74,8,10,0,28,-3009,-824,-18033,15761,-4166,-4423
116,0,23,17,15,0,0,1,17,0,7,10,65,1,0,0,62,0,21,9,2,0,0,203,0,0,31,108,4,0,0,31,-2564,1417,-18652,15839,-3737,-5121
121,0,28,22,17,0,0,2,14,0,7,9,80,0,0,0,83,0,55,8,0,8,0,191,4,0,28,119,4,10,0,27,-1779,2382,-21212,16206,-4287,-5146
111,0,30,37,17,0,0,2,15,0,13,10,56,0,0,0,71,0,94,9,0,3,0,182,6,0,26,123,4,5,1,26,481,5777,-20832,16890,-3681,-4941
116,0,28,28,18,0,0,2,16,0,8,11,58,0,0,0,87,0,133,9,1,0,0,183,3,1,26,85,2,0,0,31,592,9773,-19821,16138,-2358,-4357
119,0,33,33,18,0,0,2,19,0,7,9,60,0,0,0,75,0,142,8,1,0,0,180,4,1,30,108,3,0,0,28,949,14104,-18723,14304,-1243,-3526
121,0,31,27,18,0,0,2,18,0,6,10,57,0,0,0,66,0,156,13,0,0,0,174,0,0,33,123,4,0,0,23,851,18459,-17112,11907,-910,-2767
117,0,29,28,17,1,0,1,10,0,7,12,61,0,0,0,41,0,163,16,1,0,0,168,0,0,29,143,3,0,0,27,1893,22732,-13810,7881,-374,-1859
114,0,39,20,14,0,0,2,1,0,7,11,56,0,0,0,42,0,190,9,0,0,1,178,0,0,28,130,5,0,0,29,2183,24681,-12916,2878,-276,-797
97,0,25,21,25,1,0,0,44,0,8,15,52,1,0,0,39,0,194,8,1,8,0,133,0,0,26,104,2,17,0,30,3087,24334,-12902,-981,-26,477
114,0,28,24,15,0,0,2,2,0,9,19,39,0,0,0,58,0,226,18,0,4,0,170,0,1,27,134,2,3,0,28,12517,26195,-4150,-7055,6803,1315
119,0,29,42,18,2,0,1,4,0,15,11,48,0,0,0,32,0,188,10,2,14,0,158,0,0,42,165,3,30,1,23,-4517,-7308,-25367,-7751,7915,2139
124,0,29,39,14,4,3,1,18,0,8,13,49,2,0,0,5,72,4,4,0,14,40,255,0,1,13,20,0,28,42,18,-5517,-4636,-2904,-12496,913,-109
123,0,40,41,17,9,2,1,18,0,8,21,46,1,0,0,3,35,103,2,1,5,56,81,0,0,19,18,0,42,96,41,-3544,3470,-28744,-13235,249,2038
74,0,41,60,21,3,3,1,2,0,8,10,45,0,0,0,66,0,84,5,0,4,493,291,1,0,16,33,0,18,57,23,-1666,2663,-19692,-7940,2918,630
79,0,48,58,18,6,4,4,18,0,7,6,47,0,0,0,114,0,82,5,1,5,717,346,9,0,13,15,0,13,54,30,-715,1400,-17318,-6060,2810,-59
74,1,44,51,15,11,3,2,19,0,8,8,44,2,1,0,136,0,49,6,0,5,900,341,5,0,27,41,0,29,55,86,-1243,1614,-16337,-3434,842,-6
81,0,40,47,3,82,2,4,15,0,7,5,35,18,0,0,162,0,4,4,3,257,1037,340,5,0,33,65,1,25,76,252,-1129,1637,-15931,-1597,151,66
75,1,50,50,27,63,3,4,11,0,6,4,86,7,0,0,164,0,6,10,2,419,1198,379,4,1,18,17,0,88,47,275,-1040,1622,-16105,-698,-251,185
72,0,55,52,35,63,1,1,11,0,5,5,83,4,0,0,174,0,6,2,1,562,1230,344,6,0,32,48,2,231,209,408,-1085,1586,-16098,-285,-495,167
72,0,55,55,37,93,2,0,9,0,4,3,85,6,0,0,145,0,10,6,1,590,1274,521,8,2,33,51,2,272,456,572,-1155,1528,-16000,-113,-448,142
61,0,52,48,35,78,1,1,7,0,3,2,100,10,1,0,159,0,8,6,3,594,1293,741,8,0,34,52,3,404,672,620,-1082,1466,-16040,-90,-487,81
79,55,62,58,44,149,2,1,15,0,4,2,121,6,0,0,133,1,6,5,2,576,1284,837,8,0,32,33,2,528,786,854,-1249,1470,-16091,-105,-506,74
68,72,68,54,51,173,3,0,8,0,5,2,145,6,0,0,171,0,7,4,2,595,1212,870,9,3,43,58,7,584,918,903,-1257,1494,-16080,-173,-496,102
73,91,63,52,50,214,3,0,9,0,12,2,120,5,0,0,169,0,6,4,2,546,1139,952,11,0,43,58,4,666,1071,893,-1209,1546,-16068,-211,-337,155
75,113,67,58,37,217,3,1,21,1,5,2,85,6,0,0,137,0,5,3,1,481,1039,899,14,0,42,35,9,792,1132,875,-1246,1488,-16086,-247,-278,148
85,107,56,61,40,188,1,0,11,3,4,3,88,5,0,0,149,0,10,2,0,453,919,865,18,1,44,27,3,820,1166,813,-1261,1509,-16022,-288,-232,132
125,100,58,54,49,184,1,1,9,0,7,1,85,3,0,0,184,0,4,9,1,401,777,759,16,4,63,50,10,863,1221,693,-1256,1526,-16007,-307,-228,130
101,11,37,49,42,173,21,1,13,0,6,11,81,4,0,0,193,0,5,4,1,348,693,653,19,1,46,41,4,928,1245,628,-1271,1471,-16002,-241,-249,156
139,0,41,19,37,158,1,1,11,0,6,2,83,6,0,0,167,1,3,0,1,243,612,593,19,0,51,21,7,973,1258,592,-1280,1509,-16002,-139,-259,199
159,32,4,10,34,130,1,0,7,10,1,0,72,10,0,0,160,1,0,0,1,166,517,454,21,43,0,18,7,1067,1277,597,-1296,1528,-16045,-84,-311,229
171,46,1,0,19,86,2,0,8,13,0,1,73,10,0,0,158,1,0,3,1,127,447,341,31,102,0,21,12,1125,1288,482,-1262,1461,-16031,-67,-362,228
160,39,0,5,22,29,0,0,10,17,0,0,72,3,0,1,151,0,0,0,0,28,379,196,91,254,1,33,16,1219,1304,460,-1358,1631,-15995,-55,-329,235
158,23,0,2,24,5,1,0,8,5,0,0,77,3,0,0,141,0,0,0,1,1,258,133,56,358,0,17,24,1263,1354,456,-1351,1508,-16036,-37,-337,249
147,9,2,12,6,1,0,0,5,4,0,23,72,2,0,0,101,0,0,0,0,1,180,77,90,389,1,69,18,1287,1370,448,-1348,1486,-16047,-39,-404,221
188,24,0,235,28,4,26,1,8,2,1,13,70,0,0,0,97,0,0,0,0,2,131,244,53,437,1,55,13,1319,1330,397,-1355,1547,-16075,-89,-424,221
178,26,1,400,1,5,110,11,14,3,0,20,9,0,5,0,55,0,0,0,0,2,32,209,75,474,2,73,0,1322,1212,369,-1270,1505,-16111,-176,-350,252
204,23,1,520,10,4,183,9,17,4,1,23,26,0,5,0,16,0,0,0,0,2,16,165,36,582,79,114,0,1319,999,250,-1451,1505,-16077,-274,-306,278
64,43,29,689,1,6,278,124,6,1,0,9,0,0,0,1,1,0,0,0,0,3,18,162,23,730,194,165,0,1215,593,215,-1403,1575,-16052,-334,-139,384
1,69,225,917,0,9,408,166,0,0,0,0,0,0,0,0,0,0,0,0,0,8,38,198,0,916,330,218,0,1065,240,131,-1401,1507,-15959,-445,-22,450
0,181,433,1085,0,10,497,421,0,13,20,17,0,0,59,4,0,0,0,0,0,18,42,126,0,1045,332,280,0,944,106,62,-1458,1562,-16144,-697,35,495
1,284,634,1259,1,23,638,508,0,9,18,21,0,2,200,2,0,0,0,0,0,31,22,172,0,1268,367,312,0,771,73,65,-1464,1600,-16296,-1103,39,581
216,300,834,1418,0,160,646,587,3,8,17,10,0,2,455,6,0,0,0,1,0,10,16,122,0,1355,355,280,0,291,119,132,-1469,1567,-16202,-1558,-74,642
560,334,1058,1588,1,286,623,711,6,6,31,24,0,8,733,10,1,0,0,0,0,0,32,148,1,1457,303,172,0,4,164,92,-1350,1757,-16382,-2332,-352,543
609,477,1202,1736,0,468,558,758,8,5,36,19,0,124,877,13,0,0,0,0,0,16,21,119,0,1507,206,54,1,32,116,92,-1620,1731,-16882,-3843,-691,713
595,625,1325,1824,0,455,526,784,15,6,42,26,0,565,1045,22,0,0,0,0,0,10,41,114,0,1393,36,11,0,10,18,34,-1451,2142,-17154,-5813,-566,949
765,755,1356,1823,30,379,254,712,18,10,48,33,26,979,1255,24,1,1,0,0,0,9,62,106,0,1110,27,11,0,9,34,17,-1978,2530,-17425,-7975,440,1085
1002,924,1356,1712,33,264,72,262,26,7,55,25,22,1380,1435,28,0,1,3,0,0,8,39,123,0,519,56,11,0,13,40,30,-1633,2658,-19198,-10812,1596,1301
1021,1057,1232,1463,1,42,70,6,28,4,58,29,2,1684,1451,15,0,0,9,0,0,8,26,128,0,1,129,8,0,13,37,23,-1303,3021,-19413,-13239,2119,1373
1033,850,885,1024,1,46,80,5,27,5,63,46,1,1699,1193,12,0,0,6,3,0,13,14,122,0,0,201,6,0,20,38,25,-1424,3542,-21376,-16286,2551,1383
904,456,167,245,34,280,76,11,26,10,32,31,44,1455,758,7,27,0,10,0,0,16,0,152,26,27,230,15,2,21,8,21,-2274,4512,-23244,-20478,3401,1821
257,234,58,2,39,484,36,4,15,14,27,1,44,867,206,2,30,0,13,1,0,8,0,129,9,25,116,0,1,25,6,27,-3523,5074,-24578,-25881,5076,2969
0,185,76,14,1,578,19,5,0,15,21,2,0,310,1,0,29,3,19,2,0,1,0,116,3,0,37,15,0,3,2,26,-4801,7195,-27692,-31360,7226,4962
262,235,83,53,1,619,109,7,2,0,0,0,0,6,0,0,3,1,13,8,0,20,1,198,0,0,60,23,0,15,1,19,-5670,9015,-31524,-32753,6907,6960
292,160,41,62,19,589,131,4,2,0,0,0,0,0,0,0,29,1,177,6,0,20,0,134,0,1,97,34,0,21,2,23,-7760,12348,-32750,-32764,2178,9240
235,5,36,61,0,471,109,4,3,0,0,1,0,0,0,0,47,0,312,6,0,0,1,136,37,0,114,43,0,9,1,41,-13166,17397,-15666,-32740,-2997,11507
137,0,21,13,20,9,0,0,12,0,7,10,72,1,0,0,41,0,318,14,0,0,0,82,30,0,76,33,5,4,0,56,-4632,556,-32053,-32641,-10646,20186
152,0,22,17,17,1,0,1,12,0,10,11,71,0,0,0,49,0,326,9,0,0,0,90,23,1,39,79,11,0,0,31,-1279,-20210,-27671,-32641,-10646,20186
155,0,24,21,18,0,0,1,13,0,15,12,62,0,0,0,47,0,346,13,0,0,0,90,16,0,29,58,3,0,0,33,3448,-11794,-15534,6753,-2098,15294
151,0,24,21,14,2,0,2,12,0,8,10,56,0,0,0,52,0,356,8,3,0,0,79,23,1,39,67,2,0,0,43,-2514,-6284,-8343,9891,7099,7206
175,0,35,33,24,0,4,3,9,0,7,9,60,1,0,0,41,0,360,9,0,0,0,82,15,1,23,20,1,0,0,31,-9283,-8034,-7133,9795,3951,1567
162,0,33,42,36,0,11,5,10,0,6,13,62,0,0,0,43,0,365,11,0,0,0,80,15,0,44,18,4,0,0,29,-3427,-8065,-10275,12639,-3515,-2748
191,21,31,42,25,0,0,3,13,0,5,10,68,0,0,0,37,0,373,10,0,0,0,83,18,1,21,17,0,0,0,27,-1833,-8186,-12751,16241,-2951,-7500
202,21,35,39,24,2,0,3,11,0,7,10,54,0,0,0,42,0,365,10,1,0,1,82,9,1,30,22,1,0,0,34,-4606,-6946,-14399,20958,-2175,-10724
202,54,35,41,18,4,0,3,13,0,7,11,48,0,0,0,6,1,381,11,0,0,0,104,12,0,31,30,1,0,0,33,-3029,-4094,-15841,25433,-3640,-11334
211,99,36,43,23,8,0,4,11,0,6,9,49,0,0,0,8,0,370,10,0,0,0,125,9,2,37,23,0,0,0,37,-2849,-2012,-17622,28580,-3186,-9882
191,105,39,59,21,4,0,3,10,2,6,9,42,0,0,0,15,0,378,10,0,0,0,128,0,3,35,21,0,0,0,36,-5422,-586,-20033,31178,-3557,-7316
202,109,35,45,16,3,1,4,11,1,12,9,33,1,0,0,6,0,378,10,1,0,0,125,0,3,48,34,1,0,0,35,-5731,1527,-22921,32528,-5457,-4897
197,136,32,46,16,0,2,3,11,3,5,10,43,0,0,0,4,0,385,9,0,0,0,123,1,9,40,63,1,0,0,39,-6589,4019,-26124,32764,-6466,-3244
211,149,31,45,15,0,3,2,10,2,11,9,33,0,0,0,6,0,380,11,1,0,0,113,0,8,39,65,2,0,0,27,-8477,7071,-30286,32764,-8337,-2806
208,148,31,47,23,0,0,3,10,2,11,9,36,0,0,0,7,0,387,14,0,0,0,117,0,9,36,23,2,0,0,27,-8981,12416,-32750,32764,-11377,-4875
208,151,35,44,20,0,1,6,10,2,6,17,36,0,0,0,11,1,387,12,1,0,0,130,0,10,41,23,2,0,0,26,-5008,21142,-32750,32764,-15249,-8114
160,156,35,45,19,0,0,3,10,2,6,10,34,0,0,0,2,0,396,11,3,3,0,130,0,9,38,47,1,3,1,26,3105,32162,-32750,32260,-16852,-9500
166,166,39,46,23,2,0,3,8,1,5,12,43,0,0,0,9,0,403,11,0,2,0,128,0,5,37,51,1,3,0,25,8194,32750,-29407,27820,-14857,-9184
162,167,40,44,22,2,0,2,7,5,6,16,50,0,0,0,16,0,386,10,0,3,0,122,0,7,37,60,3,2,0,23,9689,32750,-20920,20961,-12001,-8119
169,160,39,44,24,0,0,3,8,4,9,7,48,0,0,0,13,0,389,14,0,0,0,107,0,7,42,71,2,0,0,27,14974,32750,-12782,12492,-10923,-7065
194,166,32,38,22,2,0,2,8,1,5,13,45,0,0,0,5,0,388,10,0,1,0,108,0,13,48,79,3,3,0,22,20352,32750,-9016,2892,-8312,-6606
194,153,35,40,21,0,0,3,10,1,6,15,50,0,0,0,5,0,367,7,0,0,0,100,6,15,63,36,2,5,0,31,7765,6802,1266,-16425,-196,-5389
194,156,29,45,13,0,0,1,9,2,5,9,28,1,1,0,9,0,249,11,0,0,0,164,0,15,39,21,1,1,1,17,-1268,-17470,-20285,-16348,-295,-2479
154,128,34,39,11,1,18,1,8,1,7,9,29,0,3,1,2,21,10,7,0,0,0,133,13,14,54,39,4,1,3,33,-154,-873,-5608,-11715,12132,3408
123,116,41,41,22,0,18,3,7,1,7,10,48,0,9,0,4,93,6,6,0,0,0,169,0,17,54,39,1,3,4,38,-3595,1012,-24562,-13826,13988,2857
152,87,39,39,22,0,18,3,9,0,6,9,63,0,3,0,11,83,241,7,2,0,86,155,24,9,100,45,2,0,57,53,3508,-606,-22058,-17953,5946,195
177,83,53,40,12,10,12,0,8,0,7,8,37,0,0,0,94,33,177,7,1,21,995,274,36,8,61,70,1,111,155,47,-3295,3846,-31167,-19533,3904,1696
177,86,44,47,15,18,22,7,9,0,6,5,35,1,0,0,158,44,89,6,0,286,1263,402,35,11,42,20,3,219,63,257,-1100,1442,-18023,-11378,4913,253
159,154,43,58,42,8,13,0,6,1,6,6,89,1,0,0,168,45,7,6,2,560,1261,827,11,15,48,28,6,345,434,366,-785,1524,-17461,-6866,3584,-321
181,113,50,54,31,69,9,2,7,1,4,4,96,8,0,0,152,28,9,7,2,599,1276,999,7,6,47,29,4,477,711,526,-1565,1518,-16341,-3621,1619,-99
187,85,53,52,33,159,8,0,9,7,6,4,127,17,0,0,449,35,10,7,7,652,1350,1027,19,6,53,27,3,507,789,871,-1132,1497,-16005,-1279,354,105
159,90,52,48,34,110,22,0,8,2,5,3,79,11,0,0,635,40,12,11,3,747,1309,1153,16,5,52,27,2,573,925,926,-1316,1411,-16300,-324,-171,217
166,65,51,63,38,123,1,2,6,1,3,2,111,9,0,0,620,1,17,14,5,732,1250,1204,18,1,44,29,7,621,1051,960,-1433,1270,-16228,-183,-340,242
191,61,62,62,44,160,2,0,7,0,3,2,120,5,0,0,383,0,9,6,4,706,1157,1224,16,0,63,33,4,642,1180,954,-1462,1285,-16089,-227,-416,187
168,175,60,20,49,226,31,1,6,2,4,0,106,6,0,0,90,0,8,3,2,653,998,1185,8,3,72,27,4,683,1240,908,-1580,1235,-16143,-254,-353,155
130,118,62,26,50,170,63,1,4,0,5,0,142,6,1,0,148,58,7,2,2,528,806,987,14,1,68,14,9,723,1282,852,-1554,1281,-16012,-296,-211,163
132,141,64,36,61,169,55,1,3,0,4,1,134,4,1,0,65,61,8,2,1,479,724,881,5,14,66,17,10,731,1297,722,-1564,1266,-15979,-306,-100,166
128,160,69,29,61,201,2,2,10,0,4,0,113,5,0,0,71,57,4,8,1,381,554,810,5,11,72,16,4,749,1320,517,-1526,1257,-16036,-287,-60,178
138,169,56,29,50,165,2,1,4,1,6,3,146,8,0,0,43,54,5,1,2,314,440,657,3,25,75,27,4,753,1317,497,-1534,1296,-16057,-229,-54,202
136,188,33,13,29,124,6,0,7,9,4,1,89,12,0,0,0,12,1,1,0,293,405,595,0,20,71,36,4,796,1304,458,-1560,1290,-15977,-175,-109,203
143,131,1,14,30,124,1,0,7,12,1,0,65,9,0,0,0,3,44,1,0,198,371,395,0,63,17,30,7,914,1306,475,-1530,1240,-15893,-98,-182,202
174,42,0,12,23,112,1,1,7,10,0,0,66,9,0,1,3,0,64,1,0,182,352,326,15,216,19,25,13,932,1277,423,-1596,1275,-15880,23,-184,251
159,38,0,15,24,80,1,0,10,7,0,0,68,10,0,0,4,47,104,2,0,179,326,276,25,260,16,20,16,940,1199,473,-1614,1265,-16003,121,-71,323
170,16,0,0,9,2,0,0,11,9,0,1,77,6,0,0,18,47,115,1,0,136,282,242,26,380,16,28,22,923,1132,424,-1502,1263,-15929,173,-58,330
143,13,0,3,14,1,0,0,10,7,0,4,80,1,0,0,15,43,111,2,0,87,179,228,40,420,19,42,28,981,1142,384,-1467,1231,-16035,109,-115,318
133,13,0,2,8,1,0,0,3,8,0,11,59,1,0,0,4,37,103,0,0,4,83,168,29,469,16,33,20,1003,1033,378,-1489,1189,-15995,-40,-135,386
158,27,0,186,10,13,4,0,7,3,0,18,29,0,0,0,3,35,58,0,0,8,32,151,19,556,22,65,1,996,874,314,-1577,1167,-16070,-40,-135,386
89,40,153,446,0,9,104,9,2,0,0,0,0,0,0,0,2,22,19,1,0,5,16,172,20,767,125,84,0,912,633,223,-1641,1196,-16168,-338,-142,463
0,75,441,686,0,12,234,31,0,0,0,0,0,0,0,0,0,0,0,1,0,9,14,221,0,1023,201,67,0,912,73,193,-1640,1315,-16209,-695,-10,523
0,243,810,948,0,15,402,285,0,8,28,16,0,0,104,2,0,0,0,0,0,23,8,123,0,1279,198,76,0,748,78,63,-1694,1253,-16305,-1201,45,576
186,337,975,1235,14,9,551,487,1,3,24,15,4,5,478,8,0,0,1,1,0,16,57,219,0,1452,297,78,0,368,160,74,-1860,1213,-16301,-1861,32,679
498,404,1080,1441,0,10,564,705,8,5,33,22,1,32,801,13,0,0,0,0,0,0,21,136,1,1582,268,46,0,37,183,111,-904,940,-16706,-3056,-260,763
557,448,1351,1649,2,63,538,832,13,6,44,25,0,724,1046,24,1,0,0,0,0,8,17,98,0,1573,155,11,0,33,66,89,-1513,1371,-18330,-6048,-483,876
880,637,1487,1703,0,127,326,671,21,7,48,25,0,1296,1273,24,0,0,0,0,0,5,26,98,0,1439,31,7,0,30,81,72,-2266,1652,-20199,-10239,37,945
1097,970,1532,1648,1,86,75,358,34,7,49,23,0,1750,1488,21,0,0,0,0,0,11,32,165,0,890,28,14,0,7,37,33,-1307,2397,-21401,-14447,1259,1328
1168,1202,1448,1497,2,41,68,7,30,6,63,33,0,1986,1512,12,0,0,4,0,0,8,10,137,0,0,89,6,0,15,16,30,-1675,3246,-22710,-18967,2236,1385
1062,1015,1121,1060,34,34,54,9,31,7,64,29,45,1982,1342,17,18,0,5,0,1,8,1,159,5,5,198,6,1,24,2,43,-3059,3695,-23510,-23976,2158,1848
733,379,351,337,54,308,102,15,19,7,43,24,57,1539,946,10,13,0,15,0,0,19,1,135,2,0,221,4,0,17,2,24,-5676,4201,-27059,-30890,4696,3173
2,190,62,9,34,496,69,2,0,12,23,4,40,892,99,0,0,0,26,4,0,1,1,173,0,0,151,8,5,8,2,19,-4474,6699,-32252,-32764,8634,5803
143,250,82,45,4,678,77,2,1,0,0,0,0,1,0,0,1,0,8,1,4,6,0,149,0,0,153,31,36,32,1,44,-4323,10687,-32750,-32764,9017,7839
361,219,60,67,0,596,62,3,4,0,0,0,0,0,0,0,1,1,5,5,0,1,0,169,0,0,93,50,0,10,0,48,-3446,11348,-32750,-32764,5816,9934
305,0,36,38,41,373,17,1,3,0,0,0,0,0,0,0,2,0,171,5,0,11,1,100,26,0,101,53,5,162,1,53,-19889,-11613,-31127,-29218,-2077,11680
160,0,13,13,27,2,0,0,4,1,0,0,0,1,0,0,3,1,247,6,0,12,0,83,31,0,101,44,19,145,0,48,-11882,-8011,-32750,-31584,-3506,17096
152,0,10,10,13,1,0,0,18,0,13,10,75,0,0,0,8,0,325,4,1,6,0,81,31,0,73,52,6,137,0,43,-14216,-23406,-21911,-24178,-5367,17948
194,0,10,19,18,0,0,0,19,0,5,13,34,2,0,0,13,0,363,8,0,4,0,87,25,0,94,52,9,71,0,37,-3440,-20891,-19238,2569,-5516,9819
188,0,17,31,17,0,1,1,14,0,4,9,46,0,0,0,6,0,361,6,0,1,0,101,19,0,85,64,6,21,0,50,-2974,-9458,-8202,11158,3996,1802
228,0,31,44,19,4,0,0,17,0,5,8,44,1,0,0,7,0,360,7,0,5,0,77,25,0,50,65,5,82,0,49,-12467,-9077,-5259,11008,4415,-1066
211,0,25,40,23,2,0,2,15,0,11,9,51,1,0,0,22,0,359,5,0,4,0,74,27,1,66,79,5,86,0,48,-6984,-9383,-8551,14302,-6193,-629
235,27,26,41,14,3,0,1,13,1,4,13,33,0,0,0,6,0,361,4,0,5,1,76,30,0,63,64,1,104,0,49,-432,-8455,-12381,19052,-8016,-1446
210,35,25,35,31,10,0,3,11,0,3,7,48,1,0,0,4,0,361,3,0,10,0,74,18,2,93,51,3,101,0,48,-3929,-6485,-13644,23957,-4856,-3084
202,80,23,35,20,8,3,1,18,2,3,8,39,0,0,0,5,0,361,4,0,0,0,71,21,5,88,55,2,46,0,44,-4736,-3185,-15652,28142,-6527,-3654
181,94,19,37,22,1,1,2,12,1,3,13,40,0,0,0,15,0,360,4,0,0,0,72,35,10,107,57,4,45,0,49,-1907,-1007,-18175,30895,-8281,-3934
204,122,21,43,17,1,0,1,11,2,2,9,35,0,0,0,3,1,370,5,1,0,0,74,33,11,84,61,6,65,0,43,-2704,502,-21469,32403,-8639,-3910
197,132,26,44,23,3,2,0,10,2,8,8,46,1,0,0,2,0,364,5,0,2,0,84,1,16,98,69,10,54,0,50,-2819,2656,-24547,32752,-10211,-3296
195,141,22,46,31,2,0,1,8,5,2,7,67,0,0,0,2,0,372,5,0,1,0,91,4,15,82,62,7,78,0,49,-2446,5863,-28648,32764,-11619,-3251
198,136,26,40,24,13,0,0,9,1,4,8,66,0,0,0,2,0,377,6,0,3,0,83,18,19,129,61,6,85,0,45,-2943,10597,-31934,32764,-11666,-5316
199,144,22,39,26,4,0,2,8,1,5,7,53,0,0,0,2,0,389,6,0,1,0,73,23,18,116,60,5,50,0,59,-2688,18368,-32750,32764,-12435,-8125
198,144,40,38,24,11,0,1,10,1,5,7,57,0,0,0,3,0,395,7,0,3,0,104,10,18,99,55,6,57,0,39,2501,28029,-32750,32762,-13612,-9335
197,146,25,40,26,6,0,1,8,1,4,8,74,0,1,0,4,0,391,7,0,4,0,99,20,19,98,53,8,73,0,46,8455,32750,-32073,29881,-12528,-8077
196,150,21,36,23,6,0,5,9,2,2,6,64,0,0,0,4,0,383,4,0,3,0,95,12,34,114,62,8,70,0,49,11061,32750,-24139,24063,-10065,-6259
186,149,23,40,39,7,1,1,11,3,3,8,54,2,0,0,3,0,396,6,0,4,0,115,13,21,121,71,16,48,0,59,13216,32750,-15241,15556,-8220,-5708
186,150,23,37,19,12,30,1,8,1,3,6,44,0,5,0,5,0,417,7,0,1,0,88,7,16,112,47,10,15,10,39,17304,32750,-11680,5734,-6977,-6172
183,154,26,47,20,2,17,1,6,2,4,7,42,1,1,0,1,0,392,5,0,0,0,88,0,14,116,60,8,40,10,50,14748,32750,-3103,-12063,4635,-8300
181,178,24,39,18,3,33,1,10,2,4,7,45,0,5,0,3,0,222,3,0,14,1,149,0,13,126,62,2,158,9,44,-1310,1882,-26368,-20746,-362,-10173
159,142,18,36,23,11,32,1,4,1,1,7,50,0,7,1,4,52,3,2,0,8,0,102,6,26,78,60,4,130,13,43,-5131,-14320,-9698,-15740,2738,-10248
178,120,20,36,13,6,53,2,9,2,11,8,40,0,6,0,35,33,1,2,1,10,0,106,86,22,92,44,3,132,9,36,-886,3956,-16574,-17150,13724,-7634
127,105,38,30,19,16,40,2,5,1,17,6,43,1,13,0,2,37,35,2,0,22,114,260,84,19,139,33,6,342,62,46,14834,-3611,-18766,-17670,10433,-4927
148,112,45,41,16,9,4,1,8,0,6,6,50,1,0,0,63,0,3,4,0,28,934,427,91,7,121,32,2,277,123,197,-402,5381,-32750,-19656,7231,1522
152,143,51,42,22,14,10,1,5,1,7,10,53,3,0,0,79,0,4,3,0,149,1072,404,13,19,77,49,17,464,301,329,-835,1245,-16721,-10982,4911,400
172,108,47,35,21,42,1,0,9,1,6,3,82,17,0,0,153,0,7,5,1,428,1062,818,23,20,86,36,6,618,746,447,-599,2064,-17413,-6436,3282,-307
201,86,48,53,35,177,31,1,5,1,3,9,86,9,1,0,125,1,8,6,3,504,1066,945,12,1,65,27,4,678,917,782,-1018,1734,-16116,-6436,3282,-307
192,94,49,48,40,124,1,0,8,2,3,2,108,9,0,0,167,1,7,5,7,648,1110,1129,12,1,57,15,7,869,1130,881,-1160,1524,-16088,-292,-230,205
191,74,56,21,40,148,6,0,8,1,11,0,114,9,0,0,111,0,8,3,2,637,1048,1211,22,4,73,33,8,1002,1274,929,-1225,1590,-16074,-178,-383,215
198,94,64,31,48,138,7,1,7,7,11,3,140,9,0,0,133,1,5,2,2,599,943,1228,16,3,83,26,7,1106,1459,933,-1299,1554,-16183,-213,-402,198
191,206,61,29,50,127,1,0,7,4,12,0,136,4,0,0,86,1,9,0,1,484,807,1113,25,10,82,20,4,1178,1571,937,-1399,1564,-16060,-279,-301,171
144,149,45,23,40,111,2,1,3,1,5,2,160,11,0,0,112,0,2,2,2,373,690,911,20,4,145,37,8,1252,1609,875,-1375,1537,-16071,-314,-158,158
142,149,0,21,47,89,1,0,6,1,0,0,135,6,0,1,63,1,1,1,0,232,445,785,21,4,1,47,26,1277,1664,725,-1393,1463,-16002,-341,-70,183
144,197,1,29,45,115,2,2,3,1,0,2,149,8,0,0,28,0,0,1,0,82,323,534,9,14,0,24,10,1318,1543,556,-1327,1493,-15948,-312,-69,192
141,245,0,18,39,116,1,0,4,13,0,1,87,10,0,0,0,0,0,0,0,4,190,239,1,46,0,54,7,1322,1472,509,-1272,1511,-15938,-243,-90,202
132,174,0,14,32,33,1,0,13,9,0,1,65,1,0,0,3,0,0,0,0,5,62,188,10,242,0,71,17,1335,1409,386,-1332,1525,-15937,-197,-119,217
139,32,0,2,11,1,0,0,5,11,0,4,78,1,0,0,1,0,0,0,0,4,55,214,21,371,0,55,31,1331,1286,346,-1397,1556,-15920,-143,-146,238
184,17,0,5,16,9,3,0,8,10,0,2,89,2,0,0,2,0,1,0,0,6,26,264,21,431,0,46,22,1358,1155,308,-1400,1540,-16025,-113,-149,272
168,21,0,162,24,6,76,3,15,2,0,16,79,0,4,0,0,0,0,0,0,6,27,298,6,469,0,124,15,1342,1054,227,-1503,1548,-15963,-43,-135,322
180,19,0,423,31,6,138,2,6,2,0,14,79,1,4,0,0,0,0,0,0,6,30,294,37,554,6,143,13,1326,786,203,-1353,1469,-16096,-54,-77,367
205,39,3,571,0,7,194,35,11,4,0,20,0,0,5,0,3,0,0,0,0,6,21,249,24,760,6,209,0,1299,601,191,-1347,1511,-16303,-182,-29,372
158,74,126,793,0,6,357,133,5,1,0,2,0,0,0,0,1,0,1,0,0,17,35,254,3,977,176,285,0,1173,294,147,-1382,1540,-16093,-417,14,409
1,72,321,931,0,10,461,261,0,0,0,0,0,0,0,0,0,0,0,0,0,17,27,162,0,1151,410,387,1,1075,93,70,-1478,1585,-16172,-729,54,470
2,75,562,1217,5,14,688,552,0,2,17,13,1,0,45,3,0,0,0,1,0,18,4,134,0,1398,531,453,0,906,91,96,-1341,1603,-16281,-1057,-116,484
1,231,797,1334,2,228,715,719,0,3,18,11,0,3,239,5,0,0,0,0,1,12,29,170,0,1496,530,504,0,545,138,169,-1525,1533,-16390,-1610,-93,561
370,369,1045,1524,0,471,651,900,6,6,26,17,0,8,678,11,0,0,0,2,0,1,26,108,1,1593,424,405,0,47,202,122,-1467,1781,-16581,-2494,-44,742
533,416,1195,1747,2,690,645,1013,10,6,32,18,1,51,865,13,1,0,0,0,1,7,8,122,0,1610,225,146,0,61,121,123,-1070,1581,-16945,-3637,-412,882
638,562,1443,1907,1,571,543,1051,21,7,45,32,0,689,1151,20,0,0,0,0,0,16,14,96,0,1555,36,14,0,38,63,65,-1167,1884,-17140,-5875,-416,804
997,778,1601,1999,1,546,303,961,26,8,49,28,0,1129,1446,27,0,0,0,1,0,6,21,114,0,1363,34,8,0,17,58,58,-1922,2588,-18017,-8825,340,918
1123,1076,1652,1947,1,325,131,592,23,6,55,30,1,1558,1648,18,0,1,3,1,0,11,12,176,0,927,49,8,0,14,16,38,-1982,2929,-19571,-11411,1223,1208
1295,1311,1590,1782,0,125,78,4,24,7,61,34,0,1812,1680,5,1,0,8,0,0,13,0,224,0,114,105,10,0,24,0,31,-1842,3367,-20122,-15136,2265,1498
1349,1327,1321,1347,0,44,87,14,30,6,60,33,0,1881,1541,7,0,0,7,0,1,8,1,134,0,3,171,6,0,23,1,35,-1586,3773,-22768,-20463,3204,1838
1110,1099,685,739,52,233,69,6,25,9,50,30,58,1655,1182,1,0,0,17,1,0,0,0,130,0,0,170,5,0,2,1,31,-2503,4308,-25538,-27788,4367,2361
364,649,54,31,30,382,106,3,18,25,20,4,57,1051,285,1,0,0,21,4,0,0,0,147,0,0,163,17,7,5,3,32,-5021,5880,-30143,-32014,6196,3936
0,206,67,36,9,640,37,2,0,12,16,8,46,35,0,0,0,0,6,2,1,1,0,113,0,0,134,32,42,20,1,55,-4088,8117,-32750,-32764,8324,6129
313,210,50,53,7,644,116,2,8,2,6,1,1,34,0,0,3,0,78,6,1,15,0,179,0,1,115,26,14,82,2,30,-10166,15538,-30902,-32764,6492,7415
240,64,42,65,0,464,58,2,9,0,0,0,0,0,0,0,1,0,258,7,0,22,0,123,28,0,85,38,3,164,3,29,-6975,15759,-27231,-32250,-925,9077
155,0,17,36,45,4,0,0,4,0,0,0,0,0,0,1,2,0,331,6,1,11,0,83,25,0,69,37,12,244,0,50,-12357,-9282,-32750,-31313,-8485,13873
157,0,19,17,14,3,0,0,10,0,6,11,72,2,0,0,3,0,351,5,0,16,0,127,1,0,75,51,11,188,0,41,-15171,-27943,-12635,-32340,-11823,21589
160,0,16,13,12,2,0,0,11,0,9,11,76,2,0,0,9,0,384,7,1,15,0,161,1,0,64,51,5,157,0,44,-4115,-26240,-28512,-7138,-12044,20915
173,0,20,22,18,2,0,0,12,0,7,21,54,1,0,0,3,0,362,4,0,0,0,83,3,0,145,49,6,52,1,47,2458,-10773,-12843,9893,-935,14242
173,1,23,32,18,1,0,0,10,0,5,9,41,0,0,0,9,0,378,13,0,0,0,75,1,1,142,53,2,68,0,54,-8315,-8781,-6144,10198,7358,8026
183,0,28,43,25,0,0,0,9,0,5,8,61,0,0,0,2,0,394,4,0,0,0,72,13,1,170,83,7,34,0,51,-10887,-11125,-6183,11298,-511,4163
136,4,30,37,18,0,0,1,8,0,5,8,37,0,0,0,5,0,387,5,0,0,0,82,0,2,144,66,3,33,0,54,-2520,-10530,-10089,15147,-7716,-267
169,23,39,38,25,0,0,2,2,0,8,6,51,1,0,1,3,0,383,4,0,0,0,74,0,1,155,62,3,49,0,56,-2819,-10264,-12859,19575,-6300,-6031
100,34,33,36,28,0,0,0,2,0,5,6,63,0,0,0,0,0,393,4,0,0,0,79,0,8,124,50,20,10,0,56,-3797,-7405,-14662,24610,-5801,-9680
178,67,42,44,31,0,0,5,6,0,12,6,62,0,0,0,1,0,394,9,0,0,0,86,1,11,127,72,6,31,0,57,-1357,-4122,-16479,28548,-6634,-9475
164,91,29,37,21,0,0,1,16,2,4,8,47,0,0,0,14,0,404,5,0,0,0,140,6,11,146,97,5,29,1,48,-1554,-1988,-19061,31515,-6652,-6536
182,118,33,34,29,1,0,0,6,1,4,6,62,0,0,0,5,0,410,12,0,10,0,132,4,12,138,103,6,67,0,44,-2427,-493,-22372,32628,-7510,-3436
177,124,25,31,28,1,0,0,6,1,3,8,59,0,0,0,6,0,408,5,0,5,0,133,10,19,181,110,8,63,0,43,-3875,1922,-26184,32764,-8614,-1820
179,134,21,30,29,1,0,0,14,1,3,6,56,1,0,0,5,0,410,6,0,3,0,118,11,18,152,115,13,62,0,42,-5646,5332,-31052,32764,-10787,-7630
178,151,20,44,27,5,0,1,9,1,4,6,54,0,0,0,3,0,411,7,1,5,0,139,9,18,172,74,5,66,0,40,-5857,23478,-32750,32764,-10787,-7630
122,145,31,34,26,1,6,0,3,1,3,6,57,0,0,0,0,0,417,9,0,4,0,143,2,20,168,57,14,62,2,44,-108,32750,-32750,32764,-15141,-11325
115,147,15,37,24,4,4,2,3,1,3,15,58,0,0,0,0,0,434,8,0,1,0,154,6,18,119,54,5,27,0,34,9664,32750,581,29719,-14225,-8118
91,119,23,42,35,2,0,1,0,0,3,8,48,0,0,0,3,0,417,8,1,6,0,177,0,16,152,58,7,55,0,33,13632,32750,-13180,16461,-5191,-7514
167,98,20,40,29,5,0,0,9,0,2,7,57,1,0,0,6,0,434,8,1,8,0,172,16,12,127,57,7,55,1,31,25277,32750,-11927,4111,-5550,-9165
126,114,19,44,30,1,0,2,3,0,2,8,60,0,0,0,21,0,419,7,0,7,0,146,7,16,112,57,10,50,0,42,23029,32750,-11553,-10475,-4348,-9481
151,130,20,40,26,8,5,1,3,1,5,6,58,0,1,0,18,1,402,4,0,5,0,72,8,18,170,82,6,162,8,46,1134,-4036,-9512,-20565,247,-6517
88,137,28,35,25,9,18,2,3,7,8,6,54,1,2,0,48,0,104,4,0,8,0,134,0,14,200,54,6,210,8,39,-1636,-10240,-15152,-16568,10509,-2969
133,116,35,29,20,6,33,3,4,1,5,13,47,0,7,0,35,43,0,0,0,5,0,58,26,21,139,55,4,201,15,53,4491,1536,-16881,-19775,8626,-4554
114,127,38,31,14,10,26,1,5,1,7,8,39,1,3,0,0,0,37,6,0,13,94,293,43,9,141,34,1,257,131,109,959,7449,-32750,-23850,7985,176
132,136,39,35,23,6,2,1,1,1,7,5,43,1,0,0,15,0,3,1,0,15,671,303,1,29,162,39,5,419,107,221,-1002,1570,-16905,-11007,4380,397
213,105,43,39,27,6,0,0,16,3,6,7,85,0,0,0,29,0,3,10,0,103,823,307,13,19,118,33,7,347,102,295,-872,1387,-16055,-3570,1469,-16
224,75,57,55,41,109,2,1,10,2,6,2,121,6,0,0,32,0,5,4,1,415,875,298,5,7,73,28,3,385,483,445,-1052,2039,-16026,-637,39,243
221,100,63,48,31,164,2,0,9,1,16,2,98,19,0,0,28,0,17,5,2,498,945,495,10,1,51,24,2,498,574,570,-1208,1694,-16220,130,-270,263
209,152,56,50,33,160,2,0,8,1,15,2,121,10,0,0,1,0,8,5,3,535,923,635,1,1,47,26,7,593,843,752,-1287,1369,-16007,240,-446,257
214,114,67,54,46,148,1,0,11,0,20,4,129,12,0,0,2,0,6,5,11,522,816,651,2,0,51,52,4,703,1024,871,-1306,1551,-16361,266,-513,257
207,154,71,69,44,124,3,0,10,0,22,2,144,5,0,0,36,1,3,4,0,491,727,649,5,0,68,51,3,810,1216,900,-1394,1513,-16119,153,-483,215
224,230,38,60,27,107,1,0,14,13,6,3,133,6,0,0,0,0,2,3,1,423,642,568,3,19,121,44,2,966,1293,865,-1425,1442,-16074,20,-394,177
217,186,0,28,35,101,1,0,12,10,0,1,127,5,0,0,0,0,0,0,0,328,524,446,10,101,1,56,14,1096,1347,770,-1452,1403,-16029,-89,-194,180
162,63,0,19,32,42,1,0,7,16,0,3,132,6,0,0,1,2,0,1,1,196,370,345,17,175,0,36,14,1134,1345,642,-1417,1436,-15972,-158,-83,192
173,41,0,15,38,27,0,0,9,10,0,1,127,1,1,0,0,0,0,1,0,20,178,205,14,227,0,29,15,1182,1331,558,-1343,1329,-16079,-206,-123,208
143,19,0,3,8,3,0,1,11,12,0,6,130,1,0,0,0,0,0,0,0,4,55,193,26,333,0,38,17,1181,1142,444,-1373,1427,-16062,-213,-82,233
187,25,0,108,18,2,0,0,20,6,0,21,103,0,0,0,0,0,0,0,0,2,44,179,18,362,0,65,11,1096,985,363,-1387,1349,-15980,-255,-95,211
188,25,7,213,4,9,0,0,11,5,15,20,22,0,0,0,3,0,0,0,0,5,22,224,25,425,0,73,2,1044,687,220,-1448,1462,-15996,-262,-117,216
190,22,4,401,0,5,1,0,13,4,13,26,0,0,0,0,4,0,0,0,0,5,27,241,28,465,0,81,0,1032,635,196,-1401,1453,-15968,-252,-46,255
201,26,2,460,4,7,23,1,7,10,9,21,15,0,0,0,2,0,0,0,0,5,22,205,18,501,1,99,1,1000,525,197,-1343,1344,-16037,-247,-33,271
106,27,28,558,0,9,128,10,8,10,3,23,0,0,7,0,2,0,0,0,0,8,33,255,0,522,8,80,1,974,476,188,-1419,1361,-16017,-263,-87,291
32,30,73,681,0,9,209,11,15,2,3,25,0,0,8,0,0,0,0,0,0,10,15,227,0,615,18,85,0,1010,199,180,-1426,1463,-15980,-342,-137,326
0,51,261,859,0,9,346,98,0,4,14,16,0,0,8,0,0,0,0,0,0,17,33,175,0,812,113,126,0,966,89,103,-1431,1416,-16036,-484,-181,345
0,78,394,1053,1,19,483,174,0,13,15,16,2,0,41,1,0,0,0,1,0,21,32,229,0,1044,216,206,0,846,97,39,-1416,1430,-16027,-671,-187,386
0,72,659,1193,1,16,658,434,0,2,20,23,0,0,176,3,0,0,1,0,0,23,37,178,0,1247,451,330,0,761,106,63,-1462,1393,-16173,-902,-156,449
142,217,838,1348,0,75,691,649,1,11,23,20,0,4,491,15,0,0,0,0,0,8,24,134,0,1407,498,397,0,468,129,157,-1486,1417,-16282,-1354,-247,530
426,319,969,1534,0,401,634,831,6,5,33,20,0,10,768,13,0,0,0,0,0,0,12,107,2,1474,477,388,0,6,146,129,-1748,1608,-16334,-2136,-346,579
488,413,1147,1715,0,595,658,954,17,6,41,21,0,156,985,21,1,0,0,0,0,7,25,92,0,1521,225,230,0,51,123,114,-1592,1791,-16507,-3369,-544,737
633,459,1410,1901,0,635,617,1125,14,6,46,25,0,573,1188,21,0,0,0,0,0,0,10,65,1,1487,33,50,0,45,77,87,-1271,1596,-17784,-5772,-788,667
761,567,1525,2038,1,649,548,1024,16,8,45,27,0,1069,1451,22,14,1,0,0,0,0,23,129,0,1338,52,7,0,1,21,44,-1980,2339,-17610,-8711,-294,651
1079,818,1594,2025,1,515,246,745,29,9,54,28,1,1427,1666,42,1,0,0,0,0,8,2,141,0,912,46,6,0,27,11,51,-2039,2596,-19141,-11179,630,989
1192,1110,1532,1909,20,293,74,292,25,7,54,23,21,1682,1749,66,22,1,7,1,0,12,1,164,14,62,114,7,0,19,0,39,-1810,3075,-19532,-13939,1468,1268
1237,1054,1373,1627,15,47,75,14,22,6,57,28,15,1947,1698,13,3,0,6,1,0,10,0,156,0,22,179,13,1,18,1,24,-1654,3512,-21002,-17241,2131,1271
1119,775,894,1160,42,27,64,7,24,5,54,22,47,1953,1528,4,1,0,10,1,0,0,0,137,0,37,143,11,2,4,1,40,-2181,4314,-23416,-22232,2457,1511
646,389,49,161,40,340,65,4,30,10,18,25,60,1501,900,1,2,0,12,1,0,0,0,132,0,35,186,5,2,6,9,30,-4015,4666,-25322,-29438,4446,2477
0,207,47,35,29,484,17,3,0,14,22,5,72,732,0,1,0,0,9,6,3,1,0,116,0,0,110,19,24,8,8,35,-5606,7268,-32750,-32421,7175,4840
209,224,32,37,6,611,68,4,8,3,3,0,0,36,1,0,5,0,0,5,2,8,1,188,0,0,0,25,14,61,2,41,-7978,10128,-32750,-32764,8383,7075
329,179,0,53,0,591,104,13,7,1,0,0,0,4,0,0,2,0,250,7,0,1,0,102,0,1,10,40,0,9,7,31,-11895,12348,-32750,-32764,5872,8681
176,0,25,46,57,109,19,2,8,0,0,0,0,0,0,0,4,0,320,4,1,13,0,86,29,1,79,38,13,201,0,42,-14616,12475,-32750,-31588,-6550,16254
176,0,17,21,26,1,0,0,10,1,6,9,75,3,0,0,2,0,338,5,0,11,0,78,2,0,123,49,17,295,3,46,-12425,-21132,-22953,-32245,-3437,21937
151,0,16,19,16,2,0,1,9,1,7,9,83,2,0,0,2,0,357,6,1,16,0,118,3,0,125,44,16,160,1,43,-5106,-24048,-23134,-2948,-3393,17659
142,0,13,14,16,1,0,0,17,0,8,11,76,1,0,0,2,0,367,6,0,12,2,145,1,0,143,50,14,118,0,43,-2878,-8535,-10867,10911,4651,10784
135,2,19,24,17,2,0,0,13,0,17,9,57,0,0,0,3,0,383,6,0,11,0,137,0,1,131,46,8,99,0,40,-12871,-7471,-6618,10501,7433,6282
162,0,25,23,30,1,0,0,8,0,7,17,72,0,0,0,2,0,401,4,0,6,0,142,6,0,164,79,20,70,0,43,-12032,-9336,-8152,12377,-2037,3672
191,0,25,31,28,0,0,0,8,0,7,6,64,0,0,0,5,0,411,6,2,0,0,154,1,1,142,81,8,19,0,51,-4026,-9188,-11750,16405,-7689,-303
182,0,34,35,30,0,0,1,7,0,10,7,63,0,0,0,1,0,425,8,1,1,0,167,7,1,154,48,6,30,0,43,-4714,-8751,-14001,21060,-6525,-5147
166,0,35,37,27,6,0,0,4,0,5,9,57,1,0,0,19,0,416,14,0,1,0,164,1,0,186,53,2,33,0,42,-4730,-5901,-15013,25952,-7820,-7868
146,16,38,36,20,1,0,2,5,0,7,7,50,0,0,0,18,0,417,6,0,2,0,167,3,3,162,52,5,33,0,44,-2292,-2765,-17317,29234,-10253,-7969
119,14,37,34,26,0,0,3,2,0,5,5,57,0,0,0,24,0,418,7,0,0,0,172,2,1,159,43,6,21,0,37,-1164,-1342,-20352,31520,-10958,-6509
144,22,38,33,30,3,0,0,4,0,6,6,51,0,0,0,32,0,429,8,1,1,0,181,4,1,166,45,4,29,0,39,-1534,594,-24284,32588,-11407,-4437
123,84,35,34,18,0,0,0,5,3,5,7,40,1,0,0,25,1,429,6,0,1,0,177,12,8,172,53,3,39,0,40,-1935,3056,-28041,32764,-12638,-3151
136,93,29,33,24,0,0,0,12,1,6,6,63,0,0,0,25,1,433,5,0,1,0,182,14,10,183,50,5,28,0,44,-3142,7194,-32157,32764,-12777,-4998
183,116,24,31,24,6,0,0,9,1,4,6,58,0,0,0,15,0,433,10,0,0,0,191,13,13,160,63,8,0,0,44,-5824,13754,-32750,32764,-12591,-10029
151,130,26,35,23,7,0,1,5,4,4,6,55,0,0,0,8,0,435,6,0,0,0,196,0,12,176,69,10,0,0,48,-5565,24355,-32750,32764,-13830,-14570
136,130,26,37,25,6,0,1,4,1,4,8,47,0,0,0,14,1,430,6,0,0,0,148,3,13,190,57,5,15,0,51,-2884,32750,-32750,32618,-14550,-15008
115,114,37,37,25,8,0,0,2,1,5,11,43,0,0,0,37,0,424,6,0,0,0,158,1,8,178,65,3,17,0,45,1305,32750,-29895,28514,-14836,-11471
101,115,27,39,33,1,0,0,0,0,3,6,58,0,0,0,10,1,421,10,0,0,0,214,0,10,179,72,5,28,1,44,13063,32750,-18346,17010,-8850,-8947
64,124,39,40,24,6,1,2,0,0,5,9,49,1,0,0,0,0,418,8,0,0,0,119,0,7,187,53,3,0,0,42,25328,32750,-12560,3006,-7359,-9549
89,90,33,45,25,13,0,3,0,0,5,8,48,1,0,0,24,0,427,16,0,0,0,129,1,17,157,51,3,20,0,42,21980,32750,-10026,-12139,-1331,-10989
85,119,34,43,19,13,0,1,0,2,5,8,29,2,0,0,9,1,388,4,0,13,1,106,2,9,186,54,2,310,0,39,3076,-3115,-17807,-22052,289,-10526
74,127,38,43,18,18,0,0,3,1,6,8,41,1,0,0,42,0,30,3,0,17,0,176,2,7,171,75,4,208,1,37,338,-15464,-14125,-17985,7089,-7708
94,94,37,36,24,10,25,2,0,0,6,7,56,0,3,0,27,39,1,1,0,13,0,80,11,12,145,44,3,542,11,55,3733,3954,-12258,-20819,11112,-4877
119,104,43,38,4,16,1,0,7,1,8,10,30,3,0,0,4,0,92,1,2,18,679,333,24,6,135,47,0,454,205,423,-322,7363,-32654,-27322,10590,1185
110,137,42,35,40,13,1,1,2,1,6,4,94,1,0,0,1,0,3,1,0,50,919,364,0,15,124,33,4,524,511,349,-1014,1758,-17928,-13055,4735,597
204,121,40,40,49,85,18,0,7,1,6,2,120,10,0,0,27,0,4,2,1,334,868,545,8,8,132,50,8,697,929,659,-852,1941,-16581,-4739,1969,-284
220,96,52,48,29,116,1,1,12,1,18,2,118,12,0,0,0,0,6,13,2,497,899,714,3,3,96,73,5,705,1135,887,-1212,2117,-16136,-1430,577,-42
216,103,58,56,36,106,0,1,10,2,18,3,127,8,0,0,3,0,5,5,1,510,860,799,4,2,52,52,6,909,1288,1001,-1487,1703,-16011,-201,-153,137
227,155,60,62,41,126,1,1,9,2,18,2,143,14,0,0,3,0,6,3,3,521,744,782,2,2,52,45,5,1044,1503,1067,-1541,1539,-15947,155,-427,207
225,163,61,70,48,82,1,0,10,7,8,2,138,2,0,0,27,1,3,2,0,426,689,779,4,3,159,48,4,1224,1625,1050,-1549,1532,-16256,208,-502,230
239,172,7,14,29,82,0,0,21,1,5,3,101,4,0,0,0,0,0,1,0,325,520,743,10,11,15,58,9,1335,1776,960,-1608,1548,-16137,81,-491,172
226,331,14,16,32,45,1,0,12,11,4,2,134,1,0,0,0,0,1,0,0,204,409,637,5,36,29,56,5,1418,1789,855,-1816,1504,-16143,-92,-384,125
227,253,0,23,36,31,0,0,12,9,0,3,150,2,0,0,0,0,0,0,0,28,278,411,9,132,1,65,10,1456,1721,647,-1637,1489,-15987,-191,-279,145
223,194,0,5,20,2,0,0,9,10,0,2,128,2,0,0,1,0,0,0,0,0,60,188,15,225,0,81,20,1459,1625,568,-1587,1469,-15949,-256,-123,217
199,160,0,3,13,1,0,0,24,13,0,3,132,0,0,0,0,0,0,0,0,2,43,242,16,321,0,78,23,1407,1471,508,-1594,1486,-16035,-288,-126,214
191,85,0,18,21,10,63,0,15,10,0,1,135,0,5,0,0,1,0,0,0,2,16,232,21,371,0,66,25,1399,1337,436,-1604,1482,-16010,-310,-230,170
162,44,0,127,4,5,155,1,11,10,0,25,18,1,5,1,3,0,0,0,0,4,20,233,30,442,2,140,0,1365,1101,302,-1513,1536,-16000,-327,-197,203
154,23,4,284,0,12,231,5,8,4,21,26,0,0,6,0,1,0,0,0,0,4,21,231,17,480,7,309,0,1324,959,231,-1709,1494,-15972,-304,-179,262
164,24,5,390,1,5,309,18,8,3,21,22,0,0,17,0,1,0,0,0,0,12,23,247,20,512,3,377,1,1268,669,211,-1607,1623,-16011,-248,-118,314
170,28,12,492,0,13,361,88,11,2,15,17,0,0,5,0,1,0,0,0,0,8,19,257,26,551,11,394,2,1242,508,198,-1558,1426,-16036,-189,-78,348
181,41,32,626,0,8,419,132,7,4,18,13,0,0,4,0,2,0,0,0,0,22,19,263,0,711,111,459,0,1145,296,172,-1643,1471,-16013,-159,-36,394
182,74,134,826,0,18,527,168,4,4,15,14,0,0,4,1,0,0,0,0,0,22,36,341,11,922,259,454,0,961,84,94,-1616,1539,-16086,-220,91,473
98,78,351,877,0,13,674,272,2,1,32,10,0,0,2,0,1,0,0,0,0,25,29,287,3,1094,460,508,0,910,93,57,-1688,1417,-16090,-355,54,496
0,69,516,1063,0,188,706,585,0,5,34,20,1,3,4,6,0,0,0,0,0,19,30,158,0,1219,510,489,1,689,102,78,-1549,1587,-16079,-864,-24,663
1,69,768,1280,0,390,709,798,0,2,41,14,0,8,167,4,21,0,2,0,0,18,40,140,0,1440,541,487,0,517,175,98,-1686,1540,-16209,-864,-24,663
150,296,897,1454,0,582,782,907,2,4,40,17,0,10,487,11,0,0,0,0,0,0,29,122,0,1492,545,484,0,7,197,154,-1745,1686,-16382,-2077,-171,875
431,368,1097,1617,0,690,743,1013,9,4,49,22,0,19,822,11,2,0,0,2,0,10,9,171,0,1563,409,428,0,86,102,111,-1620,1919,-16328,-3194,-431,1008
609,437,1337,1805,0,844,679,1182,9,5,46,22,0,187,1034,18,27,0,0,0,0,7,15,115,8,1585,205,150,0,78,117,95,-1281,1684,-18396,-5396,-651,747
831,526,1531,1993,0,869,667,1146,14,6,46,25,0,583,1214,19,2,1,0,0,0,9,16,87,0,1483,33,15,0,17,75,58,-2136,2377,-18903,-8883,-158,920
869,642,1646,2047,1,795,445,1083,18,7,43,25,1,1066,1458,25,4,0,0,0,0,0,22,90,0,1296,31,7,0,1,50,53,-2070,2861,-20561,-11877,530,1217
1111,961,1658,2014,14,556,88,609,21,6,44,20,5,1419,1696,31,1,1,9,0,0,0,0,145,0,586,73,5,0,1,0,25,-1714,3144,-19620,-15249,1825,1550
1148,1022,1489,1823,25,250,80,11,24,6,56,28,34,1658,1669,3,7,0,9,0,0,6,0,157,0,0,116,4,0,0,0,23,-2282,3968,-24547,-18924,1847,1603
920,569,1191,1332,38,36,72,7,22,5,53,35,71,1577,1535,0,21,2,22,3,0,0,0,193,13,29,141,19,2,0,0,36,-2757,4523,-24749,-26200,2580,2034
574,165,91,559,0,400,63,4,17,4,14,36,0,918,861,2,11,0,15,2,1,0,0,153,24,24,183,19,0,10,5,36,-4440,6025,-32011,-31655,4311,3759
46,235,32,20,4,674,57,1,9,7,14,2,4,112,6,0,1,0,4,2,2,1,0,163,41,7,128,35,56,12,14,47,-5660,8911,-32750,-32764,6298,5518
456,430,22,25,5,574,53,4,11,5,0,1,0,29,1,0,13,0,0,0,0,6,0,100,9,4,0,25,0,62,1,48,-8640,16225,-24534,-32764,7143,6447
304,71,0,49,0,495,25,2,11,0,0,0,0,7,0,0,3,0,230,5,0,18,1,144,0,0,6,52,2,119,3,45,-10390,15973,-29548,-21563,642,7196
217,0,24,31,45,4,1,0,4,0,0,0,0,0,0,0,42,0,334,10,1,18,0,74,35,0,108,40,5,245,0,50,-22740,-8108,-32750,-29033,-7527,13845
164,0,14,14,10,2,0,0,7,1,6,8,71,5,0,0,44,0,360,5,1,11,0,104,10,0,115,47,9,281,4,42,-10056,-25155,-27207,-32764,-17759,22194
160,0,16,10,14,4,0,0,7,0,5,17,77,1,0,0,29,0,367,6,0,23,1,176,9,0,131,45,15,148,1,31,1473,-27142,-15166,-5889,-15387,18297
172,0,16,19,16,5,0,0,9,0,7,9,58,3,0,0,26,0,388,7,0,29,1,216,7,0,128,45,7,118,1,31,1682,-10095,-13224,10089,2494,8388
176,0,32,23,26,7,0,0,8,0,6,8,86,2,0,0,19,0,399,7,1,15,0,239,1,0,139,47,15,122,0,31,-9455,-9095,-3849,11073,11331,1653
195,0,23,24,27,5,0,0,9,0,5,7,73,2,0,0,6,0,391,18,0,15,1,203,1,0,145,47,8,129,0,27,-14438,-9225,-5577,12244,2303,490
197,0,36,32,21,11,0,0,9,0,7,8,52,0,0,0,4,0,406,7,3,13,0,185,0,0,129,45,2,108,0,29,-3958,-9799,-9399,15746,-7896,152
181,2,37,34,30,6,0,0,11,0,6,8,64,0,0,0,4,0,408,7,1,10,0,199,0,0,138,79,6,89,0,28,148,-9238,-13284,19915,-6556,-2880
187,0,36,31,30,7,1,0,5,0,5,6,65,0,0,0,1,0,397,15,0,11,0,193,0,0,153,85,13,65,0,28,-2801,-7197,-14853,24739,-3728,-5522
147,11,34,41,29,18,0,0,4,1,5,8,58,1,0,0,2,0,397,9,0,5,0,209,0,1,177,81,10,54,0,28,-2347,-4264,-16776,28950,-5386,-5064
145,17,29,33,42,19,0,1,4,0,4,6,61,1,0,0,1,0,398,7,0,5,0,199,2,0,178,82,8,52,0,41,395,-2138,-19974,31762,-6528,-3012
187,84,26,31,27,15,0,0,6,0,11,5,67,2,0,0,1,0,391,10,0,0,0,232,1,10,178,87,7,7,0,36,-1198,-552,-23033,32668,-6374,-815
116,90,30,35,31,15,0,0,0,0,6,5,65,2,0,0,0,0,393,8,0,0,0,217,0,8,194,79,7,3,0,33,-2405,1781,-26338,32764,-8183,560
132,107,29,33,32,14,1,0,4,2,4,13,62,1,0,0,5,0,397,7,0,0,0,211,1,11,201,64,6,1,0,38,-2155,5310,-31119,32764,-9818,-1158
189,109,25,34,27,1,0,1,6,1,5,6,61,1,0,1,28,0,389,6,0,0,0,181,9,16,182,62,7,0,0,40,-3365,11001,-32750,32764,-9566,-7067
180,113,27,33,28,5,0,0,5,1,4,10,57,1,0,0,11,0,394,18,1,0,0,156,0,11,192,52,6,0,1,32,-2991,20993,-32750,32764,-10779,-12482
98,108,30,33,19,17,0,3,2,1,5,8,55,1,0,0,34,0,400,6,0,0,0,152,3,8,181,98,5,4,0,38,3060,32714,-32750,32762,-10613,-13169
129,102,28,36,28,9,0,1,0,1,13,7,53,0,0,0,24,0,396,7,1,0,0,183,1,7,172,60,4,1,0,36,11852,32750,-32750,24734,1063,-8951
116,121,33,39,26,6,0,7,0,0,6,7,49,0,0,1,24,0,407,12,0,0,0,190,0,9,166,42,4,0,0,39,-664,32750,-25717,14774,-1579,-5656
112,111,28,40,23,6,0,2,2,1,4,8,47,0,0,0,22,0,420,11,0,0,0,194,0,6,161,57,4,0,0,26,22295,32750,-11656,4848,-5162,-5266
145,102,27,38,28,17,0,1,7,0,6,7,50,3,0,0,34,0,418,16,0,0,0,203,5,6,175,53,6,0,0,32,18187,32750,-14278,-8238,-2922,-6380
100,144,28,34,33,28,0,1,1,1,6,7,58,3,0,0,21,0,389,13,1,14,0,87,0,9,196,65,5,314,0,49,3536,-3321,-14262,-18560,-3062,-6254
125,138,31,38,35,23,0,0,0,1,4,6,71,3,0,0,41,0,46,4,0,20,0,200,8,9,174,59,6,213,2,36,-6094,-13888,-10342,-15845,-1767,-4926
83,121,37,41,23,21,1,0,0,1,6,8,53,2,0,0,69,0,0,4,0,13,0,177,14,4,153,56,3,383,0,73,-6275,-2120,-6708,-16961,4710,-3477
86,124,41,34,30,7,3,1,0,0,6,8,75,1,1,0,0,0,42,2,0,91,88,208,0,4,134,39,1,415,32,61,9550,2322,-29273,-22267,3980,-2164
123,123,43,35,16,20,6,1,5,1,8,9,31,1,0,0,0,0,1,1,0,10,270,288,0,6,137,40,0,378,203,218,-6368,9905,-32750,-16101,5228,1470
106,143,45,41,45,13,0,1,2,1,6,9,90,1,1,0,0,0,1,4,0,18,648,296,0,6,123,32,5,371,62,228,-1974,1331,-16889,-8669,3976,328
186,143,45,47,48,13,1,2,8,1,5,4,119,1,0,0,0,1,2,11,0,181,829,284,0,4,101,31,4,442,447,353,-750,1900,-16924,-3986,1756,-106
221,87,46,49,39,34,1,1,10,2,8,3,117,5,0,0,27,0,5,4,0,405,890,563,6,3,102,31,4,486,657,451,-1198,1665,-16061,-1570,497,27
206,90,60,45,33,172,1,1,8,3,12,3,113,9,1,0,2,1,5,4,2,495,902,704,2,4,79,33,4,553,873,636,-1331,1639,-16036,-484,-145,203
197,99,52,41,30,158,2,0,9,2,16,2,129,15,0,0,56,0,5,4,3,522,903,840,7,8,69,66,8,676,1125,811,-1317,1500,-16128,-144,-393,233
221,103,41,51,29,96,0,0,9,1,12,8,137,13,0,0,50,0,4,4,4,515,857,930,8,2,59,58,6,909,1291,900,-1295,1430,-15996,-68,-566,145
223,68,47,58,45,175,1,0,9,0,6,4,141,6,0,0,32,0,4,3,1,508,790,1045,12,1,78,84,13,1020,1511,918,-1508,1571,-16124,-52,-400,154
240,157,49,60,48,180,3,0,19,3,14,2,145,12,0,0,28,1,2,4,3,489,703,1111,4,5,89,71,7,1125,1618,903,-1481,1470,-16147,-111,-189,167
239,190,55,26,48,125,2,0,9,3,15,0,133,6,0,0,0,1,2,0,1,428,634,1063,7,5,84,47,6,1202,1659,860,-1513,1505,-16031,-168,-107,165
232,174,54,31,36,127,1,1,12,7,9,1,127,3,0,0,0,0,4,1,1,371,554,889,7,3,97,30,5,1245,1670,817,-1487,1474,-16064,-194,-26,186
223,137,49,21,48,86,1,0,10,1,6,8,134,2,0,0,17,0,2,0,0,302,494,825,7,2,152,51,13,1257,1610,756,-1485,1407,-15948,-192,7,192
233,166,18,20,49,89,0,0,10,1,7,1,127,2,0,0,12,0,0,2,0,200,425,639,12,6,15,63,12,1317,1542,668,-1472,1481,-16092,-132,-42,200
241,247,6,18,42,87,0,0,10,1,6,3,111,5,0,0,1,0,0,0,0,84,320,528,13,13,18,44,11,1313,1509,583,-1469,1475,-15976,1,-37,247
220,261,2,16,28,110,2,0,10,9,0,0,90,9,0,0,0,0,0,0,0,74,265,312,13,45,8,79,14,1297,1464,571,-1496,1400,-16066,141,1,274
215,196,2,17,34,98,2,0,8,8,0,7,146,7,0,0,0,0,1,0,0,12,201,215,13,226,2,63,16,1286,1422,535,-1436,1458,-16014,151,10,311
208,146,14,17,32,36,0,0,8,6,21,1,133,2,0,0,0,0,0,0,0,0,84,92,14,268,0,43,13,1310,1437,524,-1383,1407,-16001,78,-117,283
188,26,0,1,7,5,0,0,13,12,1,4,149,0,0,0,1,0,0,0,0,0,50,106,28,379,0,72,25,1325,1386,461,-1421,1312,-16023,12,-177,277
144,12,1,1,9,1,0,0,15,8,13,7,162,4,0,0,0,0,0,0,0,1,24,127,25,488,4,103,27,1341,1315,404,-1441,1337,-16039,-58,-208,277
155,18,3,262,13,7,1,0,12,4,20,28,129,1,0,0,0,0,0,0,0,0,9,106,30,539,2,121,22,1343,1134,333,-1520,1398,-16041,-188,-164,311
169,35,14,505,24,5,111,14,8,5,19,15,108,0,5,0,0,0,0,0,0,3,16,213,19,792,57,101,8,1264,861,205,-1595,1354,-16086,-390,-105,370
80,60,181,797,25,8,347,174,7,2,22,13,114,1,4,0,0,0,0,0,0,5,36,201,20,1076,230,112,5,1208,464,182,-1597,1391,-16094,-685,-111,420
1,62,510,1001,26,14,591,483,0,8,33,20,132,0,7,4,0,0,0,0,0,26,31,142,0,1328,503,305,3,879,87,70,-1568,1445,-16222,-1134,-85,478
84,140,758,1266,31,47,710,781,3,3,48,22,0,1,224,11,0,0,0,0,0,19,32,93,0,1477,506,393,0,581,108,96,-1563,1492,-16352,-1732,-41,553
332,311,937,1472,0,314,654,927,6,8,50,19,1,10,646,17,0,0,0,0,0,1,25,118,0,1566,440,391,0,7,177,118,-1437,1565,-16314,-2628,-207,516
453,353,1102,1662,0,566,705,1096,9,7,33,28,0,405,948,12,0,0,0,1,0,10,15,99,0,1633,376,326,1,38,100,88,-1234,1932,-16923,-4135,-626,552
698,432,1391,1879,1,593,665,1159,14,12,48,35,0,846,1082,15,0,0,0,0,0,1,27,122,2,1577,34,23,0,19,96,74,-1335,1845,-18753,-7145,-852,546
823,572,1509,1952,2,531,474,1078,17,8,53,34,2,1346,1319,25,1,1,0,0,0,0,23,98,0,1416,32,10,0,3,54,58,-2104,2337,-18990,-10821,131,912
1026,776,1538,1925,0,444,163,640,35,10,62,43,0,1593,1570,23,0,0,6,0,0,13,13,148,0,721,48,6,0,13,15,30,-2188,2783,-18851,-14311,1168,1231
1142,1023,1440,1763,1,188,71,5,29,8,59,38,3,1836,1565,5,3,0,6,0,0,11,0,184,0,10,163,11,0,15,1,31,-1642,3351,-21260,-18202,1958,1384
1125,880,1126,1287,1,36,59,5,22,6,55,36,1,1901,1398,1,13,1,14,6,0,0,0,185,8,37,170,31,0,0,0,24,-2775,4339,-26182,-23434,2103,1762
711,261,147,414,4,346,80,4,18,6,22,38,1,1426,1014,1,48,1,26,4,0,0,0,197,0,24,209,17,0,7,6,32,-4716,4261,-27153,-30786,4601,2946
0,214,43,23,34,608,115,2,0,26,12,4,68,499,7,0,46,0,8,2,2,0,0,151,20,1,109,26,31,7,5,34,-4727,8285,-32750,-32764,7802,5559
238,233,0,32,9,643,117,3,9,5,0,1,0,26,1,0,59,0,1,1,3,13,0,178,0,1,0,16,23,52,4,35,-3520,9110,-32750,-32764,7873,7931
302,165,1,64,0,512,54,4,5,0,0,0,0,4,0,0,49,0,216,10,1,3,0,148,0,0,4,46,3,12,4,36,-10385,17917,-32327,-32259,3195,10115
190,1,22,29,45,5,0,0,4,0,0,0,0,0,0,0,9,0,244,4,0,18,0,150,38,0,66,75,15,254,0,35,-14182,18254,-25678,-28226,-5951,12647
164,0,14,10,14,1,0,0,9,0,10,16,71,3,0,0,30,0,239,6,1,29,0,187,9,0,93,72,7,278,0,31,-17363,-25769,-11673,-31310,-2410,19918
162,0,10,10,14,2,0,0,7,0,8,12,63,1,0,0,13,0,235,16,0,27,0,184,10,0,122,52,9,154,0,27,-10097,-24432,-29368,-9826,-3907,20233
132,1,18,23,21,7,0,0,7,0,6,17,60,3,0,0,20,0,244,5,0,26,0,151,1,0,127,52,6,143,0,30,850,-11261,-12598,6634,2700,15677
160,0,22,25,21,8,0,0,8,0,6,8,58,1,0,0,2,0,315,7,1,23,0,147,1,0,134,47,10,104,0,31,-8646,-7198,-6958,9053,11170,10321
185,0,27,28,25,11,1,0,12,0,5,8,55,2,0,0,4,0,330,6,0,9,0,139,0,0,143,53,4,99,0,35,-14055,-8286,-4278,9509,4987,6674
163,0,30,47,25,5,0,1,10,0,5,9,70,0,0,0,4,0,336,6,0,5,1,140,0,0,143,63,5,54,1,48,-7627,-7825,-6619,11069,-4161,2718
177,12,26,35,33,3,0,1,8,1,11,7,72,1,0,0,4,0,352,6,2,2,0,139,0,0,136,53,7,36,0,38,-6141,-9017,-10209,13939,-5422,-3285
180,32,36,35,31,3,0,1,12,0,6,7,63,1,0,0,34,0,358,6,1,4,1,129,6,1,134,59,6,32,4,47,-6618,-7828,-12378,19053,-5540,-8572
134,42,34,32,31,15,0,1,1,1,12,5,76,1,0,0,31,0,357,7,1,0,0,152,5,2,173,75,7,7,0,46,-5274,-4456,-13733,23671,-6688,-10516
125,25,39,33,27,17,0,2,1,0,13,6,60,3,0,0,33,0,357,5,0,0,0,91,6,3,159,88,4,0,0,56,-4453,-2214,-16425,26824,-8176,-9476
136,96,38,32,22,11,0,1,3,1,6,6,50,1,0,0,39,0,353,10,0,0,0,91,3,6,153,84,4,3,0,57,-3506,-387,-20282,29653,-9606,-7456
101,97,51,34,18,15,0,1,2,5,6,6,49,0,0,0,32,1,358,5,1,0,1,120,2,6,130,85,3,3,0,55,-2481,1774,-23938,31990,-9981,-5302
144,122,38,34,21,23,0,3,9,1,6,7,45,1,0,0,38,0,351,13,0,0,0,105,1,6,150,57,2,11,0,52,-3362,3944,-26657,32708,-10654,-2821
134,131,34,34,18,13,0,1,5,4,6,7,42,1,0,0,29,1,366,6,0,0,0,87,1,8,166,63,5,10,0,50,-3489,6737,-30618,32764,-12584,-1631
158,131,43,32,22,15,0,1,4,2,12,7,46,1,0,0,29,0,362,6,0,0,0,106,8,20,187,88,9,37,0,44,-3156,11391,-32750,32764,-14835,-7020
149,131,28,33,19,18,0,1,5,2,4,6,46,2,1,0,25,0,368,5,0,3,0,95,6,11,183,57,3,33,0,44,3199,26624,-32750,32764,-14835,-7020
156,127,25,33,36,10,0,1,5,1,6,5,69,3,0,0,22,0,377,7,1,5,1,110,6,11,168,58,6,38,0,51,8008,32750,-32253,28877,-15972,-3574
134,128,26,29,34,5,0,1,4,3,8,4,72,0,0,0,31,0,371,4,0,2,0,120,5,9,182,95,8,31,0,51,13894,32750,-24994,22963,-13932,-2299
107,123,26,34,37,14,0,1,2,3,6,5,62,1,0,0,23,1,379,4,0,1,0,123,4,9,180,97,11,34,0,50,26060,32750,-29596,14607,-8024,-3647
105,118,27,36,27,14,0,7,1,1,4,7,41,1,0,0,21,0,369,6,2,1,0,99,0,8,182,59,6,21,0,48,29247,32750,-11373,1292,1014,-5607
85,120,36,40,29,1,0,4,0,0,6,6,54,1,0,0,27,0,372,9,0,0,0,102,0,8,169,55,5,0,0,29,19608,32750,-18619,-14200,8398,-5516
95,156,32,26,30,4,0,0,1,3,12,4,46,1,0,0,24,1,361,2,0,20,0,72,1,13,216,126,8,177,2,50,6336,659,-17390,-19764,-697,-4529
142,150,33,34,21,24,0,0,4,5,5,6,60,2,0,0,29,0,163,7,0,10,0,98,0,12,193,80,4,204,0,43,-2360,-16179,-9418,-13872,871,-703
81,133,39,40,17,24,0,0,0,1,6,8,36,2,0,0,50,0,2,4,0,10,0,173,1,6,170,98,3,84,0,40,-5429,2743,-13416,-14383,13095,3565
60,118,49,50,22,3,0,1,0,0,8,9,29,0,0,0,46,39,2,1,0,7,0,174,0,16,139,64,2,188,0,51,-2806,-2041,-21109,-16826,9012,903
101,83,49,44,33,7,0,0,1,0,8,7,51,2,0,0,1,0,39,8,0,35,60,154,0,2,151,35,4,181,14,16,69,1838,-26431,-19623,3361,969
135,60,46,35,8,9,17,0,13,1,8,8,22,0,3,0,57,0,3,11,0,19,695,371,19,3,188,46,0,187,183,68,-4758,10865,-32368,-16781,7280,1352
68,93,49,39,2,16,0,0,0,1,11,9,1,1,0,0,117,0,8,2,0,17,1084,385,4,5,137,28,2,270,78,400,-1049,981,-17311,-10592,6331,-132
107,126,51,36,39,11,20,1,2,1,18,4,74,1,0,0,116,0,7,4,1,242,1017,747,13,7,127,33,2,447,617,343,-666,2187,-17988,-6350,4030,-398
192,144,50,41,37,6,0,0,9,1,13,6,105,2,0,0,138,0,4,2,3,479,1044,934,21,6,139,33,36,560,859,610,-1338,1730,-16093,-2920,1535,-108
188,146,51,40,26,31,0,0,10,3,18,5,152,14,0,0,346,1,7,5,6,623,1112,1140,15,2,130,48,33,650,1038,863,-1261,1802,-15990,-728,114,179
203,114,56,45,37,156,1,1,6,1,10,1,112,14,0,0,495,1,10,8,4,700,1100,1177,17,2,97,52,6,694,1167,959,-1399,1728,-16065,-65,-169,266
200,107,55,48,32,121,1,0,19,1,18,2,142,8,0,0,513,3,11,8,6,752,1063,1237,24,3,117,63,6,763,1327,992,-1481,1692,-16225,29,-213,239
166,110,60,25,31,102,1,0,7,2,31,0,145,12,0,0,555,4,12,2,5,708,1018,1286,19,3,105,26,8,876,1384,986,-1459,1752,-16091,-59,-105,203
188,109,49,28,32,120,1,0,7,2,18,0,169,9,1,1,532,2,7,2,4,678,962,1245,22,3,90,32,8,890,1426,958,-1573,1643,-16089,-169,-88,144
190,104,50,28,40,145,1,0,7,1,19,0,144,8,0,0,449,3,8,2,5,624,865,1195,17,2,82,30,19,843,1427,871,-1560,1645,-16122,-249,-42,118
191,88,60,31,42,162,1,1,7,1,17,1,159,17,0,0,205,1,6,4,2,589,706,1031,10,1,60,31,6,723,1418,767,-1554,1652,-16035,-225,36,147
212,106,65,37,36,162,3,1,8,0,27,1,179,25,0,0,91,0,6,4,1,536,710,873,9,2,63,21,6,684,1222,674,-1561,1530,-15931,-188,61,185
191,186,68,26,38,170,3,3,7,2,20,1,178,11,0,0,45,0,4,0,2,437,654,780,6,3,76,21,4,683,1105,542,-1518,1665,-15998,-80,51,243
214,235,54,31,35,169,2,1,8,10,15,2,192,7,0,0,65,1,3,2,1,396,589,763,8,8,71,58,3,651,1006,464,-1451,1647,-15956,-8,7,260
203,172,60,66,51,97,1,1,8,1,15,2,173,5,0,0,90,0,9,4,0,364,542,646,10,1,74,42,2,596,957,444,-1890,1087,-16007,17,-26,269
226,166,61,65,43,94,1,1,10,1,14,3,153,5,0,0,59,0,3,3,0,365,518,530,5,0,64,38,2,577,949,476,-1463,1619,-16013,18,-57,272
197,223,65,75,57,26,0,0,9,1,11,2,152,1,0,0,72,0,3,2,0,332,521,485,5,1,63,40,2,635,961,468,-1417,1535,-15970,11,-149,294
209,152,64,65,55,74,1,1,8,1,21,2,145,1,0,0,15,0,2,9,1,208,404,398,4,1,63,37,1,684,984,481,-1484,1559,-15920,30,-217,320
154,74,41,32,41,52,1,0,9,11,9,1,180,0,0,0,16,1,0,0,0,115,224,288,1,74,82,29,7,777,1057,457,-1570,1618,-15974,45,-267,351
170,25,1,166,28,4,0,0,7,4,32,21,172,1,0,0,3,0,0,1,0,7,84,240,24,404,21,112,14,877,1018,386,-1517,1589,-16060,-5,-298,369
223,25,7,457,25,8,0,0,6,3,11,22,114,0,0,0,11,0,0,0,0,7,25,255,22,520,0,75,12,896,887,343,-1520,1505,-16033,-113,-238,415
27,32,149,746,17,6,0,3,0,5,47,20,122,0,1,0,0,0,0,0,0,6,16,201,0,765,40,107,9,916,461,203,-1559,1460,-16088,-305,-150,445
0,253,560,1052,35,19,36,94,0,15,47,19,100,0,3,2,0,0,0,0,0,28,7,259,0,1068,34,53,1,625,37,58,-1607,1684,-16174,-690,4,490
319,336,869,1360,43,14,173,435,7,4,45,25,69,0,419,7,0,0,0,0,0,15,39,185,0,1354,77,69,1,196,105,79,-1576,1699,-16241,-1322,136,611
509,450,1042,1580,40,31,208,649,13,11,55,22,36,740,831,17,2,0,0,0,0,0,15,85,2,1480,68,53,2,2,85,125,-1663,1696,-16306,-2070,195,735
989,653,1280,1753,14,38,190,724,24,7,64,24,4,1401,1168,21,0,0,0,0,0,4,32,145,7,1436,28,13,0,14,111,63,-1867,1924,-16417,-3483,-65,656
1215,927,1355,1800,1,35,90,640,25,4,63,22,6,1835,1408,16,1,0,0,0,0,0,22,161,0,1219,25,10,0,0,43,77,-1736,1943,-19189,-7787,-236,734
1332,1264,1403,1688,14,36,69,11,28,4,58,25,9,2065,1420,14,0,0,4,0,0,0,8,101,0,449,68,16,1,3,19,21,-1865,2225,-21112,-13598,1742,1412
1429,1440,1207,1303,37,29,66,14,26,6,45,28,24,2178,1398,4,26,0,6,1,0,0,0,144,9,4,152,8,2,3,2,52,-1629,3106,-21947,-18818,3278,1574
1410,1314,749,537,34,172,66,6,30,6,54,32,47,1984,1234,2,1,0,8,1,0,0,0,139,0,37,152,6,1,3,6,41,-2255,3290,-22622,-25129,4114,1693
742,1079,41,27,29,366,125,7,27,16,19,14,60,1503,585,0,37,0,19,11,0,0,0,148,0,40,151,42,29,13,15,30,-5546,5113,-26891,-31281,7071,3397
0,605,43,62,13,515,38,4,0,34,12,7,0,679,3,0,50,1,5,4,1,1,0,175,17,17,138,60,36,12,2,44,-6231,5790,-30336,-32764,11537,6576
106,218,26,31,6,627,129,2,1,0,1,0,0,23,0,0,58,3,1,2,3,14,0,208,0,6,138,53,35,96,8,35,-10417,13551,-32750,-32764,13252,8966
304,48,36,42,45,225,23,2,2,0,0,0,4,0,0,0,54,0,213,7,0,21,1,161,21,0,96,38,5,182,3,31,-10342,13625,-32445,-26717,5035,14376
99,0,19,38,54,3,0,1,2,0,0,0,0,0,0,0,57,0,211,3,0,10,0,112,36,0,91,46,11,454,0,47,-13083,-22949,-23891,-30751,7470,18820
161,0,25,22,23,2,0,0,9,1,6,6,65,1,0,0,50,0,218,3,0,15,0,116,17,0,116,67,7,324,0,63,-18876,-23212,-23760,-19943,1161,17914
181,0,20,28,16,2,0,1,11,0,7,21,58,0,0,0,59,0,221,3,1,10,0,93,37,0,123,69,4,296,0,55,-3788,-16176,-18001,3715,-5040,12191
169,0,26,23,22,5,0,0,11,0,5,7,68,2,1,0,53,1,235,2,0,23,0,125,30,0,164,48,10,292,0,51,-3550,-7410,-9434,10981,3071,5418
179,0,26,31,31,3,0,0,10,0,5,7,67,1,0,0,47,0,234,10,1,13,0,120,24,2,137,55,5,285,0,44,-12670,-7077,-5891,10693,4738,1399
167,33,31,32,26,8,0,0,10,0,6,19,53,0,0,0,54,0,228,2,0,11,1,112,41,9,143,52,5,291,0,50,-11109,-8218,-7918,13251,-5583,285
187,46,29,30,9,19,0,0,14,3,7,8,21,1,0,0,62,0,229,4,1,16,0,118,27,3,132,42,1,260,1,44,-3167,-7303,-11461,16958,-11204,-1364
178,56,30,31,19,11,0,1,8,2,6,7,46,5,0,0,62,0,237,6,0,20,0,100,19,3,140,37,2,224,1,45,-4039,-7290,-13600,20652,-10002,-4611
190,76,29,29,21,22,0,0,7,0,4,6,71,3,0,0,60,0,246,4,0,18,1,102,17,3,128,40,4,183,0,32,-5010,-5235,-15770,24848,-11135,-7415
148,85,29,30,28,18,0,0,5,2,5,5,68,3,0,0,61,0,246,4,1,18,0,111,21,4,184,43,4,178,0,38,-2587,-2536,-18381,28118,-12959,-8436
138,122,33,33,31,12,1,0,5,2,4,7,66,2,0,0,41,0,316,7,0,17,0,109,10,7,175,35,5,190,1,39,-1739,-486,-21668,30501,-14314,-7204
131,125,33,33,30,25,0,1,0,1,5,13,70,2,0,0,37,0,329,4,0,18,2,104,9,8,146,50,4,182,1,40,-625,1667,-25615,32214,-15993,-5065
95,136,31,35,31,23,0,1,1,2,5,8,63,2,0,0,40,0,308,6,1,16,0,109,8,6,127,51,4,158,1,42,-110,4282,-29662,32722,-16721,-4914
109,136,34,31,32,25,0,2,3,2,5,5,67,5,0,0,42,0,332,4,0,18,0,102,9,15,144,86,7,180,0,42,-1267,7831,-32750,32764,-15661,-8476
86,137,31,32,28,17,0,1,6,1,4,6,58,2,0,0,47,0,331,7,0,15,0,71,12,10,161,92,4,185,0,39,-2170,14550,-32750,32764,-15077,-13565
153,138,31,34,32,16,0,0,5,4,4,5,66,2,0,0,44,0,345,4,1,15,0,80,21,13,176,91,5,172,0,42,-787,24651,-32750,32764,-15061,-16450
116,141,31,31,40,20,1,0,0,1,4,6,63,2,0,0,32,0,350,3,0,17,1,85,4,9,171,103,6,198,0,40,2289,32750,-32750,31430,-13729,-14819
118,131,26,31,27,25,0,1,0,3,3,5,61,2,0,0,36,0,354,3,0,18,0,101,6,15,166,98,6,206,2,47,4567,32750,-27656,26828,-13045,-10922
55,142,27,32,30,23,0,1,0,1,7,5,63,4,0,0,32,0,367,3,0,18,0,110,1,11,169,95,12,187,1,46,12569,32750,-17663,19040,-13073,-8626
38,151,25,30,30,24,0,1,0,1,3,5,63,4,0,0,17,0,374,3,0,16,0,84,1,13,176,93,6,195,0,48,18636,32750,-12018,9076,-11519,-8570
85,140,30,29,27,13,0,0,0,1,4,5,57,1,0,0,15,0,390,6,0,17,0,110,1,10,189,111,5,122,1,32,32745,32750,-32750,-4613,-452,-9836
113,151,39,37,27,5,0,1,3,1,5,6,60,0,0,0,46,0,369,2,0,14,0,101,5,10,215,85,3,325,0,72,-1363,5310,-22855,-21419,2100,-8778
53,160,34,40,25,5,0,1,0,0,5,8,58,1,0,0,58,0,108,2,0,14,0,105,1,11,196,132,6,357,0,36,-5861,-17284,-9243,-19260,-60,-8262
79,129,41,36,31,28,0,0,0,0,11,6,74,2,1,0,45,0,1,0,0,17,0,119,18,5,147,119,6,262,0,57,1519,-299,-8809,-16839,12529,-4600
87,110,39,39,31,31,1,0,1,0,6,7,79,1,0,0,37,43,1,1,0,8,0,104,25,15,127,88,3,289,0,53,691,2866,-22599,-17191,13744,-3266
69,91,45,44,25,24,1,0,3,0,14,8,70,7,0,0,1,0,4,1,0,31,32,225,0,0,163,40,2,494,13,38,9841,-3048,-27990,-17631,8772,-703
84,86,45,34,16,14,10,1,0,0,10,5,34,0,0,0,64,0,2,2,0,4,484,354,31,2,122,46,2,40,189,66,-6387,5171,-32750,-17836,11486,2020
100,99,59,21,32,16,16,1,1,0,3,0,5,0,0,0,113,0,6,2,2,20,1001,593,37,1,73,18,1,325,414,425,-1579,574,-18953,-9814,7052,770
161,106,47,19,20,48,11,1,17,0,4,0,26,5,0,0,242,0,6,3,0,293,898,1077,56,4,111,27,32,639,1027,421,-983,1195,-17482,-6720,4242,-199
133,148,68,23,48,147,7,1,13,0,13,1,126,7,0,0,502,1,15,1,6,412,945,1304,17,4,105,28,29,915,1237,651,-1326,1640,-16681,-4084,2432,-157
120,170,66,24,38,113,1,1,3,1,12,0,127,7,0,0,545,1,8,1,3,583,1000,1365,20,7,147,24,12,1052,1402,818,-1588,1508,-16343,-2130,1061,-32
156,167,72,37,32,107,0,0,10,1,21,1,108,8,0,0,520,2,9,3,3,582,953,1446,22,8,96,31,16,1130,1548,860,-1482,1406,-16062,-968,383,102
177,120,82,27,30,119,1,0,4,2,41,1,113,8,0,0,455,1,9,1,5,534,880,1456,25,3,102,37,8,1178,1617,870,-1316,1433,-16169,-495,-15,160
208,113,50,15,35,84,0,0,6,1,28,1,109,4,0,0,40,0,4,2,1,469,692,1356,19,7,204,61,14,1212,1708,820,-1450,1403,-16109,-370,-112,144
188,127,46,10,35,95,0,0,7,2,35,2,155,4,0,0,127,3,2,0,1,327,543,1206,27,21,188,78,13,1259,1747,772,-1569,1364,-16022,-358,-83,129
191,127,43,13,41,105,0,0,6,1,18,0,108,5,0,0,1,0,3,0,0,146,450,962,13,18,194,88,13,1330,1711,675,-1567,1347,-16080,-352,-46,154
192,193,31,17,35,100,1,0,7,2,26,2,172,4,0,0,47,1,0,0,0,44,330,801,11,13,75,121,12,1324,1645,447,-1578,1352,-15963,-319,-36,176
190,196,21,21,36,120,0,1,8,2,10,1,101,7,1,0,0,0,0,1,0,4,200,569,1,10,2,76,19,1310,1578,416,-1514,1291,-16018,-254,-60,211
197,193,21,18,39,101,2,0,5,1,38,2,102,8,0,0,0,1,0,0,0,1,65,277,2,3,2,59,9,1379,1527,394,-1543,1298,-16000,-133,-111,237
214,362,22,31,39,5,1,1,8,9,44,2,164,1,0,0,0,0,0,0,1,2,48,198,2,39,4,134,11,1399,1410,379,-1486,1326,-16020,-106,-230,237
240,270,14,22,24,2,64,0,7,13,58,2,114,0,11,0,23,0,0,1,0,2,22,232,17,177,5,380,16,1465,1354,336,-1573,1426,-16013,-125,-277,235
182,181,10,29,29,1,169,1,10,6,38,1,115,0,9,0,0,0,0,0,0,3,25,300,15,320,15,611,19,1493,1261,300,-1557,1372,-15976,-146,-292,236
180,91,24,166,18,2,267,28,7,4,62,16,63,0,4,0,0,0,0,1,0,11,30,330,22,430,98,736,10,1477,1169,276,-1522,1392,-16064,-174,-235,250
170,29,36,345,20,3,394,119,6,1,59,12,49,0,4,0,0,0,0,0,0,5,33,361,29,483,399,934,8,1499,985,193,-1604,1337,-16056,-271,-323,297
168,30,31,497,2,10,581,354,7,3,25,12,0,0,4,2,3,0,1,0,0,11,27,243,0,551,551,1117,163,1493,697,140,-1655,1406,-16049,-271,-323,297
184,48,72,660,2,22,797,487,6,3,26,9,0,0,4,2,0,0,0,0,0,10,23,206,17,769,721,1137,174,1398,340,95,-1521,1395,-16167,-844,-243,456
264,65,239,763,8,219,997,832,8,1,27,6,1,3,1,0,2,0,0,0,1,29,0,201,27,1026,799,1202,348,1126,69,97,-1634,1382,-16171,-1135,-268,491
145,60,502,1014,29,494,1167,1029,1,0,0,1,1,0,0,0,1,0,0,0,0,13,29,158,8,1230,742,1196,300,780,134,99,-1804,1383,-16285,-1546,-242,617
0,68,763,1272,2,726,1239,1112,0,2,30,8,0,4,125,2,0,0,0,0,0,7,12,90,0,1353,724,1090,37,274,117,191,-1793,1727,-16274,-2175,-50,852
127,246,962,1432,3,888,1182,1306,0,2,23,14,0,13,407,13,0,0,0,0,0,2,23,62,0,1488,614,967,1,63,181,96,-1735,1748,-16319,-3190,-170,1018
280,381,1173,1633,0,997,1078,1325,5,9,32,18,0,14,788,9,0,0,0,0,0,0,6,72,2,1503,410,680,0,33,117,111,-1666,1927,-17998,-5339,-932,1037
466,430,1471,1906,0,1049,914,1346,7,5,48,25,0,21,1064,13,17,1,0,1,0,0,2,79,21,1458,33,270,0,15,62,79,-2361,2732,-18534,-8300,-321,1021
730,544,1585,2104,1,935,640,1242,14,6,44,23,0,494,1366,16,34,0,0,0,0,0,0,56,26,1306,30,8,0,2,21,65,-2214,2683,-18670,-10839,724,1386
1013,715,1599,2053,0,762,269,832,19,8,66,26,0,926,1591,18,27,1,7,0,0,0,1,128,10,687,68,5,0,1,7,41,-2202,3145,-20382,-13239,1342,1625
1096,767,1517,1921,2,397,86,239,23,4,46,25,1,1343,1687,8,46,0,6,1,0,0,0,137,16,9,148,9,0,1,0,32,-1578,3505,-20333,-16885,2503,1392
867,804,1285,1547,3,42,80,8,22,5,53,30,12,1500,1571,1,49,0,10,3,0,0,0,213,119,29,149,15,2,0,0,29,-1632,4374,-21062,-22074,3301,1674
627,198,588,865,17,289,61,6,19,9,50,32,22,1165,1262,1,35,1,12,1,0,0,0,146,219,0,173,8,0,8,3,32,-4128,4722,-24515,-28551,5154,2783
4,213,41,10,2,610,22,2,0,7,14,2,3,461,146,0,55,0,6,2,1,0,0,110,119,22,183,20,14,17,5,51,-4079,6808,-26909,-32137,7869,4971
226,248,15,29,0,542,0,3,2,0,0,0,0,2,0,0,50,0,0,4,0,1,0,152,23,0,97,45,0,19,0,46,-7999,13830,-5672,-20773,8098,5215
285,52,0,32,49,314,1,1,2,0,0,0,5,0,0,0,4,0,201,2,2,17,0,158,1,0,6,78,19,491,0,48,-4750,8704,-32750,-9503,705,5268
128,0,18,42,47,6,0,0,11,0,0,8,71,0,0,1,33,0,223,2,1,18,0,139,51,0,106,62,8,548,0,58,-27203,-4790,-32750,-26345,-357,11105
166,0,12,23,41,2,0,0,11,0,4,7,71,0,0,0,8,0,267,3,2,24,0,170,44,0,105,78,12,474,1,46,5201,-32764,-17889,-32764,2115,18878
177,0,14,24,26,10,0,0,12,0,7,8,76,1,0,0,19,0,293,4,0,11,0,148,23,1,113,60,11,353,0,53,-4879,-32764,-23824,-9407,-6519,21202
146,0,16,23,21,4,0,0,7,0,7,8,62,2,0,0,24,0,325,3,0,11,1,139,7,0,113,100,9,352,0,50,5862,-11437,-11486,7220,-1801,17479
181,0,27,26,25,3,0,0,8,0,6,8,59,1,0,0,26,0,363,4,1,16,0,160,8,1,140,69,6,318,0,46,-1868,-7973,-6280,7993,10768,8279
176,0,29,30,38,12,0,0,8,0,11,8,64,2,0,0,42,1,354,4,1,13,0,158,17,0,129,63,5,313,0,48,-13901,-10557,-5311,8679,9786,1879
180,23,30,31,28,5,0,1,8,0,5,6,64,1,0,0,33,0,369,11,0,14,0,130,27,1,147,66,5,317,2,38,-10663,-10778,-6060,12641,-1224,-739
169,21,19,28,42,23,1,0,5,0,3,7,62,2,0,0,24,0,395,3,0,16,0,173,11,1,110,68,13,302,0,41,-3357,-10283,-9555,16072,-6672,-5238
135,80,18,31,38,5,0,0,0,0,2,5,78,1,0,0,31,0,381,3,0,16,0,170,4,8,129,62,18,302,0,44,-3493,-9657,-13061,19936,-5384,-10894
95,85,19,39,37,20,0,0,1,0,0,6,75,5,0,0,31,0,407,10,0,15,0,198,2,6,118,55,8,298,0,46,-4460,-6744,-14797,24592,-5057,-13029
119,89,17,42,34,36,0,0,3,1,5,7,68,2,0,0,47,1,402,3,0,16,0,152,10,9,123,58,8,298,0,41,-2743,-3204,-17691,27946,-5891,-10962
132,105,16,26,31,28,1,0,3,1,1,5,68,2,0,0,54,0,407,6,0,14,1,156,12,10,148,56,8,287,1,47,-2239,-1473,-20511,29967,-6041,-7120
137,102,18,30,33,27,0,0,2,1,2,5,69,2,0,0,51,3,404,3,0,17,0,134,8,8,142,55,20,288,0,48,-2849,342,-23819,31439,-6098,-3993
137,124,22,35,32,25,0,0,2,1,3,5,61,2,0,0,55,0,409,3,0,15,1,146,8,11,124,69,7,292,0,46,-4660,1838,-27017,32325,-6585,-3016
119,115,27,33,36,23,0,1,1,1,3,5,73,2,0,0,25,0,416,4,0,17,2,167,4,10,134,57,8,271,0,40,-6235,3223,-29986,32701,-7580,-3791
93,119,19,34,37,25,0,1,0,2,2,5,72,2,0,0,26,0,409,12,0,17,1,165,1,10,141,54,8,218,1,41,-6650,6815,-32462,32764,-8311,-5667
126,117,38,32,28,24,0,0,3,2,4,6,48,2,0,0,50,0,409,6,0,10,0,159,2,8,191,75,7,30,1,44,-6899,10963,-32750,32764,-9247,-6191
113,110,31,30,24,18,1,1,1,2,5,6,54,1,0,0,39,0,413,7,0,8,0,140,3,11,212,87,8,42,1,40,1946,2894,-16223,14422,-6257,-9053
69,121,34,37,23,19,0,2,0,0,5,6,55,2,0,0,32,0,417,8,1,6,2,165,0,6,182,59,3,36,1,40,1114,31816,-28122,12659,-8685,-8401
40,105,36,39,23,22,1,0,0,0,5,8,41,2,0,0,39,1,417,7,0,15,2,193,2,4,185,50,12,74,1,42,24410,28182,-6772,13750,-6148,-4781
48,106,36,34,27,21,0,1,0,0,5,14,59,1,0,0,39,0,413,7,1,3,0,163,1,6,195,86,4,60,2,53,16341,29372,-17730,11350,-2275,-814
58,96,34,36,43,13,0,2,0,0,6,6,58,1,0,0,37,0,412,6,0,4,0,111,1,7,193,56,6,74,1,46,13872,32750,-14427,6227,766,1695
77,103,35,37,31,12,1,1,0,0,5,6,62,0,1,0,43,0,431,8,0,6,0,172,1,14,168,45,4,33,1,48,10184,32750,-13827,-1846,3420,2342
41,128,33,36,33,11,1,0,0,0,4,11,57,1,0,0,31,0,423,5,0,16,0,168,2,7,191,70,5,339,0,40,8142,32750,-11086,-10732,1998,1110
64,143,33,34,37,21,0,1,0,2,6,6,69,0,0,0,43,0,393,5,0,10,0,103,9,10,174,84,6,471,0,53,4988,-3360,-22831,-14431,-2707,1665
95,142,36,41,30,35,0,0,0,0,5,9,60,2,0,0,49,0,76,1,0,16,1,156,0,8,191,55,5,400,0,46,-2079,-5651,-3651,-11294,-5123,3925
76,118,41,43,13,30,0,1,0,0,6,14,51,1,0,0,9,0,2,2,0,11,0,84,28,5,133,68,10,709,0,56,-9510,-3134,-8700,-12968,99,6227
83,118,44,45,6,28,1,0,0,5,20,8,17,4,0,0,0,0,1,1,1,73,148,348,10,3,132,28,0,300,125,63,-4499,2912,-28994,-18395,2030,3909
68,129,44,38,13,5,10,0,2,2,8,7,30,4,0,0,26,0,2,3,0,15,738,311,15,10,123,40,2,175,82,402,-5350,5108,-26167,-9364,5938,-83
135,136,47,35,0,7,19,1,13,3,9,7,6,1,0,0,5,0,1,2,0,21,811,464,24,6,92,43,13,350,730,382,-1320,1294,-16643,-4828,2581,-187
166,153,47,46,34,32,4,0,8,1,7,5,82,5,0,0,44,0,8,2,0,220,791,735,9,11,146,45,36,388,998,402,-1413,1326,-16305,-2455,1346,-78
193,163,49,20,33,12,0,0,9,3,20,4,98,1,0,0,50,1,2,0,2,352,759,867,11,18,177,24,59,539,1170,558,-1320,1259,-16248,-1482,759,9
182,171,53,11,48,165,3,0,6,2,29,0,107,10,0,0,7,1,3,1,4,506,831,975,10,10,164,16,77,589,1306,751,-1342,1253,-16084,-870,249,86
204,145,52,17,32,187,1,1,7,2,26,1,160,11,0,0,264,0,6,2,3,536,846,1097,13,7,114,28,36,653,1445,871,-1516,1345,-16104,-317,-78,135
173,104,65,15,43,117,2,0,7,2,30,1,129,11,0,0,445,6,9,1,5,582,867,1128,18,6,127,35,39,788,1535,922,-1465,1367,-16163,-137,-85,148
188,107,63,25,39,174,1,0,8,2,35,1,154,9,0,0,494,1,7,3,4,592,832,1193,19,4,99,24,30,861,1622,936,-1524,1295,-16120,-152,-76,134
212,123,63,31,41,189,2,0,7,1,29,1,149,7,0,0,494,3,7,2,2,552,779,1211,19,4,102,35,7,942,1660,946,-1511,1223,-16028,-167,-49,139
184,95,57,31,40,189,2,0,6,2,31,2,159,7,0,0,458,1,4,1,2,563,717,1192,21,13,58,36,7,928,1676,903,-1409,1297,-16067,-169,-21,160
210,100,50,34,42,191,3,0,6,1,25,0,135,6,0,0,420,1,11,1,2,537,663,1126,20,6,103,40,8,920,1680,874,-1454,1310,-16011,-141,30,183
239,82,48,34,45,215,2,1,7,1,37,0,139,7,0,0,167,0,5,2,3,554,604,1063,20,2,94,40,5,772,1635,808,-1424,1309,-15985,-59,31,185
229,72,58,34,41,222,2,1,9,1,18,0,145,14,0,0,115,0,3,1,1,508,554,912,12,1,64,40,5,740,1579,790,-1388,1303,-15904,14,20,208
230,156,54,24,41,218,4,1,6,2,14,2,95,7,0,0,116,0,3,1,2,444,516,769,19,7,60,40,8,729,1530,759,-1504,1236,-15983,103,-22,254
226,201,46,61,34,133,2,1,6,5,16,1,105,5,0,0,70,0,2,4,2,439,482,677,12,5,55,40,4,687,1511,728,-1451,1279,-15991,165,-42,271
224,148,55,73,48,166,2,1,6,1,20,1,133,3,0,0,58,0,6,3,1,432,475,629,13,2,54,50,5,693,1474,703,-1426,1249,-16072,171,-112,276
214,178,31,60,48,91,2,3,10,1,15,2,138,6,0,0,31,1,0,2,1,399,446,565,8,2,58,36,6,728,1482,681,-1391,1189,-16077,135,-168,290
215,274,72,41,55,70,2,1,8,2,34,1,176,3,0,0,1,0,5,1,0,306,362,423,2,9,92,26,7,811,1479,680,-1385,1204,-16133,108,-223,309
239,220,23,23,36,54,2,0,12,11,9,0,148,0,0,0,0,0,0,0,0,148,233,279,18,212,88,88,8,983,1499,664,-1468,1210,-16048,67,-285,336
173,27,2,1,5,0,0,0,19,16,44,19,168,1,0,0,2,0,0,0,0,79,92,216,31,435,14,64,20,1046,1498,536,-1452,1208,-16042,9,-341,348
164,25,6,190,11,2,0,0,10,5,41,27,155,2,0,0,1,0,0,0,0,0,18,91,20,515,2,87,13,1091,1407,452,-1604,1018,-16021,-84,-302,391
171,28,13,473,24,4,1,4,11,3,22,24,159,0,0,1,14,0,0,0,0,2,14,213,24,739,20,137,11,1065,1059,264,-1624,1225,-16188,-300,-182,442
43,71,384,809,36,12,127,175,8,2,15,17,120,0,4,0,0,0,0,0,0,3,9,148,17,1074,57,142,8,899,505,196,-1602,1187,-16258,-709,-49,478
64,161,812,1086,46,18,319,433,0,4,26,20,103,0,12,2,0,0,0,0,0,23,41,166,0,1357,178,97,2,522,77,60,-1544,1261,-16344,-1263,93,556
276,368,953,1454,43,33,417,678,6,5,36,26,89,3,534,12,0,0,0,0,0,4,44,124,0,1494,235,58,2,103,118,89,-1689,1438,-16275,-1900,246,652
523,498,1120,1634,7,276,396,839,11,14,56,21,4,487,999,18,1,0,1,1,0,0,35,138,0,1540,176,28,1,5,150,91,-1455,1439,-16830,-2832,151,623
949,546,1366,1739,20,330,299,768,20,8,69,27,0,1253,1281,27,1,0,0,0,0,0,23,163,5,1513,30,15,0,2,88,65,-769,1425,-17372,-6145,-422,987
1142,843,1458,1744,28,155,93,661,25,7,78,27,39,1705,1449,28,1,0,3,0,0,0,21,161,0,1202,55,13,0,2,43,54,-1877,1502,-19417,-11491,532,1400
1247,1164,1425,1622,4,34,64,97,31,5,48,31,4,2073,1536,1,1,0,8,0,0,0,0,176,0,380,77,13,0,0,0,47,-1452,2253,-21329,-15390,2035,1253
1351,1192,1256,1277,35,27,62,9,27,5,49,30,52,2155,1432,2,26,1,10,1,0,0,0,202,0,1,96,19,0,0,0,41,-1460,3043,-21721,-19235,2593,1139
1289,1039,755,622,36,24,77,13,25,8,53,34,53,2074,1282,2,21,1,12,3,0,1,0,171,0,41,188,16,0,2,10,29,-2650,3726,-24640,-24596,3238,1614
801,757,25,31,36,273,89,3,16,22,17,19,75,1698,816,1,39,0,8,6,0,0,2,175,0,60,201,45,7,7,17,45,-6302,5071,-26345,-30892,5949,3194
2,523,22,51,33,514,53,1,0,35,10,7,47,840,6,1,8,0,1,4,3,0,4,191,0,16,0,62,32,17,8,41,-6143,6364,-28799,-32702,9623,6004
120,237,25,64,5,611,103,5,10,3,1,4,0,28,3,0,35,0,0,4,1,14,3,171,2,0,41,49,29,123,10,49,-3847,9850,-32750,-32764,11272,7944
328,151,19,69,0,624,99,6,5,0,0,0,0,5,0,0,31,0,47,8,0,11,0,126,4,0,18,20,0,19,0,27,-6322,14260,-32750,-32764,6497,9906
198,10,1,50,48,124,25,1,1,0,0,0,1,1,0,0,11,0,213,2,5,6,0,96,29,0,10,77,18,263,3,53,-10211,12953,-17875,-30960,-3035,12007
119,0,16,34,55,8,0,1,4,0,0,0,0,0,0,0,5,0,218,2,0,13,0,96,28,0,80,52,11,553,0,49,-13966,-4713,-32750,-31899,-8233,16903
156,0,16,25,30,7,0,0,10,0,7,8,75,0,0,0,4,0,236,2,0,15,0,154,40,0,123,58,10,550,1,47,-14146,-20990,-13538,-32679,-2195,22266
159,0,15,36,26,4,0,0,7,0,2,8,58,0,0,0,26,0,234,9,0,13,0,161,10,0,118,62,14,381,0,46,-10002,-22599,-29998,-6158,-6340,15690
150,0,17,32,22,3,0,0,5,0,9,7,57,1,0,0,39,0,227,3,0,13,1,164,24,1,118,54,20,372,0,47,676,-7484,-11672,10722,585,6644
162,15,18,34,19,4,0,0,8,0,3,9,52,0,0,0,52,0,224,3,0,20,0,163,50,4,117,64,6,333,1,46,-11112,-4476,-6209,10814,8202,1566
159,47,18,30,25,16,0,0,10,1,3,7,56,7,0,0,55,0,215,3,0,9,0,116,23,10,124,59,7,337,1,58,-12912,-6953,-6248,11821,-1175,453
149,50,20,32,23,9,0,0,13,2,6,6,54,3,0,0,52,0,219,2,1,9,0,99,17,10,119,64,8,333,1,59,-3277,-7294,-10232,15460,-9513,-666
126,83,22,29,22,25,0,0,4,1,3,6,64,2,0,0,58,0,223,2,1,10,1,104,10,10,126,60,7,328,2,65,-2234,-7769,-12138,19418,-8202,-3400